id,first_name,last_name,email,age,gender,state,street_address,postal_code,city,country,latitude,longitude,traffic_source,created_at
43709,Evan,Johnson,evanjohnson@example.org,54,M,Mie,461 Warren Road Apt. 488,513-0836,Suzuka City,Japan,"34,85181443","136,5087133",Search,28.10.2020 10:49:00
72079,Stephanie,Burns,stephanieburns@example.net,46,F,Mie,706 Heidi Port Apt. 238,513-0836,Suzuka City,Japan,"34,85181443","136,5087133",Email,13.03.2022 11:17:00
72599,John,Smith,johnsmith@example.net,22,M,Mie,0154 Jason Expressway Suite 459,513-0836,Suzuka City,Japan,"34,85181443","136,5087133",Search,17.06.2021 07:40:00
4031,Jason,Jones,jasonjones@example.net,55,M,Acre,39805 Frederick Track,69917-400,Rio Branco,Brasil,"-9,945567619","-67,83560991",Search,17.03.2022 11:42:00
5612,James,Rodriguez,jamesrodriguez@example.com,51,M,Acre,814 Elizabeth Fords Apt. 981,69917-400,Rio Branco,Brasil,"-9,945567619","-67,83560991",Search,04.11.2020 07:08:00
9059,Michael,Acosta,michaelacosta@example.org,22,M,Acre,2069 John Forks Apt. 496,69917-400,Rio Branco,Brasil,"-9,945567619","-67,83560991",Organic,22.10.2023 04:56:09
49542,Julie,Brown,juliebrown@example.net,37,F,Acre,030 Omar Park Suite 467,69917-400,Rio Branco,Brasil,"-9,945567619","-67,83560991",Search,04.10.2021 00:26:00
54215,Rachel,Cummings,rachelcummings@example.com,40,F,Acre,4317 Laura Throughway Suite 921,69917-400,Rio Branco,Brasil,"-9,945567619","-67,83560991",Search,12.09.2023 13:41:00
95994,William,Edwards,williamedwards@example.com,31,M,Acre,54663 Lewis View Suite 577,69917-400,Rio Branco,Brasil,"-9,945567619","-67,83560991",Search,04.04.2023 03:00:00
2534,Willie,Salazar,williesalazar@example.net,45,M,Acre,8022 Austin Springs Apt. 387,69940-000,Sena Madureira,Brasil,"-9,857324143","-69,4370574",Email,03.03.2020 06:01:00
17256,Craig,Green,craiggreen@example.com,67,M,Acre,569 Elizabeth Green Apt. 150,69940-000,Sena Madureira,Brasil,"-9,857324143","-69,4370574",Display,01.02.2020 17:50:00
69929,Gregory,Smith,gregorysmith@example.com,18,M,Acre,1252 Jensen Stravenue,69940-000,Sena Madureira,Brasil,"-9,857324143","-69,4370574",Search,24.01.2020 08:44:00
71635,Pamela,Nichols,pamelanichols@example.com,56,F,Acre,9778 Gwendolyn Fork Apt. 738,69940-000,Sena Madureira,Brasil,"-9,857324143","-69,4370574",Search,23.11.2021 06:03:00
71703,Amber,Lynn,amberlynn@example.org,64,F,Acre,639 Grant Ways Suite 615,69940-000,Sena Madureira,Brasil,"-9,857324143","-69,4370574",Search,18.10.2022 15:19:00
77355,Yvette,Bruce,yvettebruce@example.com,44,F,Acre,84902 Johnson Ford Suite 783,69940-000,Sena Madureira,Brasil,"-9,857324143","-69,4370574",Search,25.07.2020 08:21:00
90626,David,Foster,davidfoster@example.net,61,M,Acre,63145 Ashley Pass Apt. 608,69940-000,Sena Madureira,Brasil,"-9,857324143","-69,4370574",Search,10.05.2021 06:51:00
52099,Lori,Garcia,lorigarcia@example.org,15,F,Acre,42316 Smith Vista,69970-000,Tarauac치,Brasil,"-8,325245103","-71,55302951",Organic,21.04.2022 10:49:00
61462,Robert,Oconnor,robertoconnor@example.net,26,M,Acre,6179 Bruce Forges,69970-000,Tarauac치,Brasil,"-8,325245103","-71,55302951",Organic,07.01.2023 03:52:00
61492,Maria,Mora,mariamora@example.org,28,F,Acre,3415 Osborne Plain,69970-000,Tarauac치,Brasil,"-8,325245103","-71,55302951",Organic,05.09.2020 07:00:00
62509,Ryan,Cameron,ryancameron@example.com,56,M,Acre,84950 Gutierrez Plains,69970-000,Tarauac치,Brasil,"-8,325245103","-71,55302951",Organic,30.12.2019 14:24:00
2238,Ann,Hampton,annhampton@example.org,67,F,Acre,5878 Laura Dam,69980-000,null,Brasil,"-8,065346116","-72,87094866",Display,20.12.2019 17:38:00
2302,Melissa,Bell,melissabell@example.org,17,F,Acre,65216 Aguilar Squares,69980-000,null,Brasil,"-8,065346116","-72,87094866",Organic,18.01.2020 03:56:00
3314,Joseph,White,josephwhite@example.org,60,M,Acre,4217 Lopez Plains Apt. 946,69980-000,null,Brasil,"-8,065346116","-72,87094866",Search,01.06.2023 13:53:00
16108,Angela,Jones,angelajones@example.org,45,F,Acre,901 Sarah Isle Apt. 021,69980-000,null,Brasil,"-8,065346116","-72,87094866",Organic,14.03.2019 01:03:00
29561,Brandon,Thompson,brandonthompson@example.com,27,M,Acre,539 Russell Manors Apt. 183,69980-000,null,Brasil,"-8,065346116","-72,87094866",Search,15.02.2021 12:28:00
31279,Gabriel,Cook,gabrielcook@example.org,32,M,Acre,513 Hess Squares Suite 037,69980-000,null,Brasil,"-8,065346116","-72,87094866",Organic,20.02.2020 16:37:00
41195,Derek,Miller,derekmiller@example.com,61,M,Acre,55363 Collin Hills Apt. 067,69980-000,null,Brasil,"-8,065346116","-72,87094866",Organic,25.10.2022 04:05:00
41325,Misty,Ballard,mistyballard@example.com,36,F,Acre,302 Jenna Court,69980-000,null,Brasil,"-8,065346116","-72,87094866",Search,02.04.2023 14:01:00
42559,Curtis,Carpenter,curtiscarpenter@example.com,45,M,Acre,7422 Tate Harbors,69980-000,null,Brasil,"-8,065346116","-72,87094866",Organic,06.07.2022 05:28:00
44001,Jerome,Bishop,jeromebishop@example.com,37,M,Acre,0117 Smith Walks,69980-000,null,Brasil,"-8,065346116","-72,87094866",Search,27.08.2021 02:13:00
45319,Andre,Maddox,andremaddox@example.org,15,M,Acre,71071 Lopez Ranch,69980-000,null,Brasil,"-8,065346116","-72,87094866",Search,16.08.2019 04:55:00
57361,Lawrence,Choi,lawrencechoi@example.com,60,M,Acre,200 Randolph Mountain,69980-000,null,Brasil,"-8,065346116","-72,87094866",Organic,08.12.2020 12:10:00
63703,Bonnie,Osborne,bonnieosborne@example.org,44,F,Acre,4448 Brian Path Apt. 480,69980-000,null,Brasil,"-8,065346116","-72,87094866",Search,23.08.2021 07:30:00
63761,Penny,Green,pennygreen@example.com,32,F,Acre,99893 Sylvia Mountain Apt. 778,69980-000,null,Brasil,"-8,065346116","-72,87094866",Search,23.12.2021 18:21:00
69686,Alexander,Raymond,alexanderraymond@example.org,41,M,Acre,03829 Tanner Plaza Suite 076,69980-000,null,Brasil,"-8,065346116","-72,87094866",Search,14.07.2021 02:59:00
78346,Christopher,Moran,christophermoran@example.net,41,M,Acre,806 Powell Square Suite 723,69980-000,null,Brasil,"-8,065346116","-72,87094866",Search,23.03.2021 18:18:00
89310,Charles,Gomez,charlesgomez@example.net,63,M,Acre,802 Baker Mission Apt. 660,69980-000,null,Brasil,"-8,065346116","-72,87094866",Search,23.03.2023 09:47:00
90907,Dana,Oconnor,danaoconnor@example.org,22,F,Acre,284 Eric Wall,69980-000,null,Brasil,"-8,065346116","-72,87094866",Organic,27.06.2019 16:53:00
96212,Mark,Rosales,markrosales@example.org,63,M,Acre,24157 Cooley Valleys,69980-000,null,Brasil,"-8,065346116","-72,87094866",Search,23.10.2019 09:24:00
99109,Rachel,Garcia,rachelgarcia@example.com,37,F,Acre,65042 Thompson Manor,69980-000,null,Brasil,"-8,065346116","-72,87094866",Search,30.08.2022 07:55:00
55433,Zachary,Patterson,zacharypatterson@example.net,21,M,Gifu,28996 Rosales Villages Suite 682,507-0901,Tajimi City,Japan,"35,2940372","137,1606303",Email,10.02.2019 02:24:00
4968,Devon,Johnson,devonjohnson@example.org,41,M,Gifu,362 Crystal Shoals,509-0206,Visa city,Japan,"35,42476281","137,0152741",Search,10.07.2019 11:19:00
37453,Isabel,Hicks,isabelhicks@example.org,13,F,Gifu,468 Andrew Skyway,509-0206,Visa city,Japan,"35,42476281","137,0152741",Facebook,13.01.2020 05:03:00
52248,Cassandra,Myers,cassandramyers@example.org,31,F,Gifu,647 George Centers Suite 455,509-0206,Visa city,Japan,"35,42476281","137,0152741",Search,03.09.2023 02:31:00
17609,Patrick,Hughes,patrickhughes@example.net,15,M,Gifu,8352 Alvarez Points Suite 552,509-5122,Eco-shi,Japan,"35,34124521","137,1766262",Search,14.07.2020 02:34:00
30986,Dustin,Baker,dustinbaker@example.net,16,M,Gifu,65030 Kimberly Fall Apt. 987,509-5122,Eco-shi,Japan,"35,34124521","137,1766262",Search,11.09.2023 05:55:00
87031,Bryce,Wilson,brycewilson@example.com,34,M,Gifu,3850 Dawson Extension,509-5122,Eco-shi,Japan,"35,34124521","137,1766262",Display,19.02.2020 15:46:00
7689,Maria,Reed,mariareed@example.net,62,F,Iowa,41630 Stephanie Spurs Apt. 541,50010,Ames,United States,"42,03294842","-93,59109706",Search,05.01.2021 12:00:00
57595,Adam,Simpson,adamsimpson@example.com,56,M,Iowa,748 Ashley Walk,50010,Ames,United States,"42,03294842","-93,59109706",Email,11.03.2023 15:19:00
32064,Brittany,Burns,brittanyburns@example.net,28,F,Iowa,76985 Hancock Curve,50014,Ames,United States,"42,05085639","-93,69778249",Search,26.08.2023 15:53:00
93584,James,Li,jamesli@example.com,49,M,Iowa,412 Kimberly Forges Suite 956,50014,Ames,United States,"42,05085639","-93,69778249",Organic,09.03.2020 05:57:00
5138,Cynthia,Williams,cynthiawilliams@example.net,55,F,Iowa,4186 Sandra Brooks,50021,Ankeny,United States,"41,72312769","-93,57319618",Email,29.01.2023 18:45:00
38905,Patricia,Rubio,patriciarubio@example.net,15,F,Iowa,4103 Joseph Islands,50021,Ankeny,United States,"41,72312769","-93,57319618",Search,09.01.2022 13:02:00
47571,Caitlin,Phillips,caitlinphillips@example.com,44,F,Iowa,07743 Victoria Causeway,50021,Ankeny,United States,"41,72312769","-93,57319618",Display,20.06.2023 03:43:00
51191,Alyssa,Fuller,alyssafuller@example.org,39,F,Iowa,47475 Tonya Plaza,50021,Ankeny,United States,"41,72312769","-93,57319618",Organic,22.08.2022 01:17:00
58982,Jason,Howell,jasonhowell@example.org,32,M,Iowa,2393 Kimberly Track Suite 004,50021,Ankeny,United States,"41,72312769","-93,57319618",Search,02.01.2021 17:22:00
74729,Earl,Miller,earlmiller@example.net,39,M,Iowa,554 Braun Views,50021,Ankeny,United States,"41,72312769","-93,57319618",Search,22.10.2023 02:41:00
12759,Thomas,Perry,thomasperry@example.com,13,M,Iowa,61677 Wright Shores Apt. 037,50023,Ankeny,United States,"41,72692042","-93,63137457",Search,23.10.2023 04:34:00
29823,Kevin,Mcdonald,kevinmcdonald@example.org,21,M,Iowa,46505 Mills Extension,50023,Ankeny,United States,"41,72692042","-93,63137457",Search,06.02.2023 18:19:00
48643,Rhonda,Thomas,rhondathomas@example.net,40,F,Iowa,05409 Stacie Cliff Suite 093,50023,Ankeny,United States,"41,72692042","-93,63137457",Search,27.02.2023 09:13:00
57346,Hailey,Hernandez,haileyhernandez@example.org,36,F,Iowa,468 Morgan Land Apt. 363,50023,Ankeny,United States,"41,72692042","-93,63137457",Search,05.02.2019 16:14:00
64801,Randy,Smith,randysmith@example.com,65,M,Iowa,0213 James Cliffs,50023,Ankeny,United States,"41,72692042","-93,63137457",Facebook,29.01.2022 12:52:00
72576,Tanya,Mullins,tanyamullins@example.net,26,F,Iowa,3767 Kimberly Greens Apt. 278,50023,Ankeny,United States,"41,72692042","-93,63137457",Search,24.01.2019 01:21:00
20256,Linda,Duffy,lindaduffy@example.net,26,F,Iowa,50108 Green Junctions Apt. 293,50158,Marshalltown,United States,"42,05021584","-92,90257229",Search,04.11.2019 06:03:00
20637,Brian,Sutton,briansutton@example.org,57,M,Iowa,0220 Albert Plaza Apt. 075,50158,Marshalltown,United States,"42,05021584","-92,90257229",Organic,04.03.2020 14:18:00
24865,Zachary,Wilson,zacharywilson@example.com,65,M,Iowa,5768 Cristina Pike Suite 587,50158,Marshalltown,United States,"42,05021584","-92,90257229",Search,22.07.2019 18:37:00
45466,Zachary,Smith,zacharysmith@example.com,53,M,Iowa,203 Sanders Curve,50158,Marshalltown,United States,"42,05021584","-92,90257229",Search,23.04.2023 11:52:00
77472,Austin,Wilson,austinwilson@example.org,45,M,Iowa,352 Morton Stravenue,50158,Marshalltown,United States,"42,05021584","-92,90257229",Search,03.09.2022 14:13:00
97978,Vickie,Jordan,vickiejordan@example.com,30,F,Iowa,6509 Jeremy Villages Suite 505,50158,Marshalltown,United States,"42,05021584","-92,90257229",Search,27.02.2019 10:34:00
22279,Melanie,Brown,melaniebrown@example.org,12,F,Iowa,9637 Sanchez Forest,50263,Waukee,United States,"41,60340569","-93,87691664",Search,27.12.2022 06:02:00
66539,Daniel,Harmon,danielharmon@example.com,19,M,Iowa,7690 Chelsea Mission Suite 529,50265,West Des Moines,United States,"41,55493287","-93,73686293",Organic,12.10.2023 13:38:00
74223,Gloria,Walker,gloriawalker@example.org,69,F,Iowa,1330 Blackburn Unions,50265,West Des Moines,United States,"41,55493287","-93,73686293",Search,26.08.2022 08:50:00
89461,Chelsea,Hansen,chelseahansen@example.com,13,F,Iowa,1281 Ashley Land Apt. 851,50265,West Des Moines,United States,"41,55493287","-93,73686293",Search,30.03.2022 08:46:00
11756,Jon,Lutz,jonlutz@example.com,15,M,Iowa,33322 Jordan Ports Apt. 360,50266,West Des Moines,United States,"41,56696467","-93,80123444",Display,02.04.2019 00:23:00
40912,Helen,Chang,helenchang@example.org,13,F,Iowa,6200 Padilla Track Suite 499,50266,West Des Moines,United States,"41,56696467","-93,80123444",Organic,07.02.2023 01:05:00
21175,Michael,Huff,michaelhuff@example.com,45,M,Iowa,3919 Melvin Haven Suite 511,50310,Des Moines,United States,"41,62847322","-93,67298722",Organic,05.09.2019 14:45:00
21860,Robert,Kirby,robertkirby@example.net,13,M,Iowa,541 Ashley Rest Apt. 667,50310,Des Moines,United States,"41,62847322","-93,67298722",Search,26.09.2020 16:25:00
28576,Joseph,Cruz,josephcruz@example.com,66,M,Iowa,670 Tracy Burg Apt. 535,50310,Des Moines,United States,"41,62847322","-93,67298722",Search,15.12.2022 18:41:00
56602,Sharon,Ashley,sharonashley@example.net,13,F,Iowa,171 Cooper Skyway,50310,Des Moines,United States,"41,62847322","-93,67298722",Search,02.12.2022 13:56:00
69855,Pamela,Wright,pamelawright@example.net,39,F,Iowa,8833 Christopher Lane Apt. 957,50310,Des Moines,United States,"41,62847322","-93,67298722",Display,13.04.2023 15:54:00
69982,Tracy,Harris,tracyharris@example.net,54,M,Iowa,7941 Kenneth Springs Suite 338,50310,Des Moines,United States,"41,62847322","-93,67298722",Display,14.06.2023 17:29:00
80214,David,Newman,davidnewman@example.net,21,M,Iowa,817 Jackson Expressway Suite 912,50310,Des Moines,United States,"41,62847322","-93,67298722",Display,01.08.2021 04:56:00
9871,Daniel,Williams,danielwilliams@example.org,67,M,Iowa,4677 Scott Manor Suite 321,50315,Des Moines,United States,"41,54423249","-93,62022787",Search,30.05.2023 05:01:00
16559,Kristen,Cox,kristencox@example.com,52,F,Iowa,9060 John Courts,50315,Des Moines,United States,"41,54423249","-93,62022787",Search,25.10.2022 15:23:00
33661,David,Kirby,davidkirby@example.org,34,M,Iowa,87079 Maria Throughway,50315,Des Moines,United States,"41,54423249","-93,62022787",Search,19.06.2023 14:28:00
40613,Jose,Baker,josebaker@example.org,27,M,Iowa,628 Hess Underpass,50315,Des Moines,United States,"41,54423249","-93,62022787",Facebook,01.05.2019 12:08:00
47672,Ashley,Snyder,ashleysnyder@example.net,63,F,Iowa,351 Taylor Squares,50315,Des Moines,United States,"41,54423249","-93,62022787",Search,24.06.2021 00:19:00
50774,Alexander,Lopez,alexanderlopez@example.net,35,M,Iowa,21164 Lindsay Fort Apt. 348,50315,Des Moines,United States,"41,54423249","-93,62022787",Search,27.07.2021 13:44:00
69664,Gloria,Cook,gloriacook@example.org,15,F,Iowa,36773 Gonzalez Shoal Suite 020,50315,Des Moines,United States,"41,54423249","-93,62022787",Organic,03.03.2021 11:36:00
80649,Kelly,Dean,kellydean@example.org,55,F,Iowa,88220 Woodward Burgs,50315,Des Moines,United States,"41,54423249","-93,62022787",Search,09.11.2019 01:33:00
95657,Miguel,Vargas,miguelvargas@example.org,54,M,Iowa,3961 Gonzalez Trail Suite 296,50315,Des Moines,United States,"41,54423249","-93,62022787",Organic,16.09.2022 04:01:00
8,Amy,Rogers,amyrogers@example.com,24,F,Iowa,0170 Tina Vista,50317,Des Moines,United States,"41,61672648","-93,54955984",Search,07.08.2019 14:50:00
14917,Thomas,Baker,thomasbaker@example.com,29,M,Iowa,863 Clements Station Suite 302,50317,Des Moines,United States,"41,61672648","-93,54955984",Search,26.12.2019 12:43:00
19943,Lisa,White,lisawhite@example.com,30,F,Iowa,10267 Nancy Parkways,50317,Des Moines,United States,"41,61672648","-93,54955984",Search,27.07.2022 11:03:00
24973,Michelle,Cameron,michellecameron@example.org,30,F,Iowa,108 Maurice Field,50317,Des Moines,United States,"41,61672648","-93,54955984",Search,19.08.2020 06:18:00
41389,Dylan,Harris,dylanharris@example.com,34,M,Iowa,0299 Reid View,50317,Des Moines,United States,"41,61672648","-93,54955984",Search,16.05.2022 01:22:00
41862,Zachary,Duncan,zacharyduncan@example.net,56,M,Iowa,719 Denise Point,50317,Des Moines,United States,"41,61672648","-93,54955984",Search,26.08.2021 12:53:00
46351,Laura,Parker,lauraparker@example.org,37,F,Iowa,415 Victoria Springs Suite 473,50317,Des Moines,United States,"41,61672648","-93,54955984",Search,19.04.2019 18:12:00
95886,Danielle,Mitchell,daniellemitchell@example.com,30,F,Iowa,068 Michele Key Suite 049,50317,Des Moines,United States,"41,61672648","-93,54955984",Search,22.07.2023 07:09:00
3193,Lisa,Mitchell,lisamitchell@example.net,18,F,Iowa,2553 Ayala Roads,50322,Urbandale,United States,"41,63374603","-93,73592518",Search,27.08.2023 16:09:00
8525,Tony,Wright,tonywright@example.com,27,M,Iowa,809 Michelle Villages,50322,Urbandale,United States,"41,63374603","-93,73592518",Facebook,16.01.2019 18:50:00
11168,Carolyn,Potts,carolynpotts@example.net,19,F,Iowa,07490 Nolan Forges Suite 876,50322,Urbandale,United States,"41,63374603","-93,73592518",Search,13.01.2020 16:57:00
16921,Patrick,Cohen,patrickcohen@example.org,31,M,Iowa,0139 Jennifer Crossing Suite 983,50322,Urbandale,United States,"41,63374603","-93,73592518",Search,04.10.2022 02:05:00
29579,Alexis,Collier,alexiscollier@example.org,18,F,Iowa,45455 Sharon Ford Suite 317,50322,Urbandale,United States,"41,63374603","-93,73592518",Search,09.06.2020 14:05:00
35726,John,Thornton,johnthornton@example.com,61,M,Iowa,63075 Jones Gardens Apt. 317,50322,Urbandale,United States,"41,63374603","-93,73592518",Search,26.02.2022 09:52:00
48359,Cindy,Harvey,cindyharvey@example.org,24,F,Iowa,71745 Smith Neck,50322,Urbandale,United States,"41,63374603","-93,73592518",Email,17.06.2022 09:30:00
60407,Jimmy,Martin,jimmymartin@example.net,54,M,Iowa,135 Jimenez Fords Apt. 315,50322,Urbandale,United States,"41,63374603","-93,73592518",Search,12.02.2019 02:20:00
49200,Jonathan,Faulkner,jonathanfaulkner@example.com,36,M,Iowa,388 Tiffany Valley Suite 605,50401,Mason City,United States,"43,14876125","-93,19040331",Organic,29.12.2021 04:52:00
50987,Lisa,Ponce,lisaponce@example.com,31,F,Iowa,79779 Henry Ranch Suite 862,50613,Cedar Falls,United States,"42,53058701","-92,49377669",Search,11.05.2020 02:09:00
65686,Sandra,Williams,sandrawilliams@example.com,64,F,Iowa,68700 Christopher Square,50613,Cedar Falls,United States,"42,53058701","-92,49377669",Search,19.05.2019 16:41:00
76905,Catherine,Dyer,catherinedyer@example.com,40,F,Iowa,193 Roberson Plaza Apt. 592,50613,Cedar Falls,United States,"42,53058701","-92,49377669",Organic,21.09.2022 16:14:00
81248,April,Perkins,aprilperkins@example.com,24,F,Iowa,759 Sandoval Route Suite 770,50613,Cedar Falls,United States,"42,53058701","-92,49377669",Search,16.03.2020 13:51:00
90320,Nathaniel,Ayers,nathanielayers@example.com,20,M,Iowa,6284 Jason Walks,50613,Cedar Falls,United States,"42,53058701","-92,49377669",Display,31.03.2023 07:00:00
8782,Crystal,Bradshaw,crystalbradshaw@example.org,45,F,Iowa,412 John Mount,50701,Waterloo,United States,"42,41842434","-92,34214385",Organic,17.01.2019 18:37:00
9090,Kristin,Robinson,kristinrobinson@example.org,44,F,Iowa,7321 Shannon Haven Suite 879,50701,Waterloo,United States,"42,41842434","-92,34214385",Search,16.12.2019 02:03:00
59047,Megan,Herrera,meganherrera@example.com,38,F,Iowa,175 Carrillo Motorway,50701,Waterloo,United States,"42,41842434","-92,34214385",Search,01.11.2020 06:51:00
94821,Claudia,Whitney,claudiawhitney@example.com,47,F,Iowa,76939 Barton Port,50701,Waterloo,United States,"42,41842434","-92,34214385",Search,23.08.2019 01:56:00
30524,Joseph,Woods,josephwoods@example.org,17,M,Iowa,22129 Nancy Courts Suite 411,51501,Council Bluffs,United States,"41,22723883","-95,87856885",Search,14.05.2021 16:57:00
60191,Steven,Guerrero,stevenguerrero@example.org,32,M,Iowa,1967 Adrian Parkway,51501,Council Bluffs,United States,"41,22723883","-95,87856885",Search,13.01.2019 04:21:00
69466,Shelia,Williams,sheliawilliams@example.com,14,F,Iowa,6520 Maxwell Trafficway Apt. 832,51501,Council Bluffs,United States,"41,22723883","-95,87856885",Search,19.08.2020 12:49:00
80097,Crystal,Garcia,crystalgarcia@example.org,67,F,Iowa,768 Faith Lodge,51501,Council Bluffs,United States,"41,22723883","-95,87856885",Display,21.11.2022 05:01:00
87233,Steven,Brewer,stevenbrewer@example.net,32,M,Iowa,051 Sarah Course,51501,Council Bluffs,United States,"41,22723883","-95,87856885",Organic,19.08.2021 08:49:00
34919,Charles,Flores,charlesflores@example.net,41,M,Iowa,66157 Martinez Oval,51503,Council Bluffs,United States,"41,22992127","-95,77466341",Search,28.12.2022 06:04:00
69134,Christina,Davis,christinadavis@example.org,25,F,Iowa,067 Gutierrez Glens,51503,Council Bluffs,United States,"41,22992127","-95,77466341",Search,23.01.2019 10:08:00
84082,Shaun,Kaiser,shaunkaiser@example.org,27,M,Iowa,830 Andrews Park,51503,Council Bluffs,United States,"41,22992127","-95,77466341",Search,28.02.2023 14:39:00
90584,John,Perez,johnperez@example.com,58,M,Iowa,23625 Vance Manors,51503,Council Bluffs,United States,"41,22992127","-95,77466341",Organic,13.07.2021 09:06:00
95216,Jessica,Bell,jessicabell@example.com,59,F,Iowa,816 Timothy Inlet Suite 566,51503,Council Bluffs,United States,"41,22992127","-95,77466341",Search,26.09.2019 06:07:00
97647,Fred,Bishop,fredbishop@example.net,18,M,Iowa,979 Jonathan Ford Apt. 676,51503,Council Bluffs,United States,"41,22992127","-95,77466341",Search,19.09.2021 05:52:00
1566,William,Schroeder,williamschroeder@example.com,56,M,Iowa,8576 Elizabeth Tunnel,52001,Dubuque,United States,"42,55110128","-90,69384671",Search,13.03.2023 14:11:00
25042,Jessica,Shaw,jessicashaw@example.com,46,F,Iowa,99533 Derrick Station,52001,Dubuque,United States,"42,55110128","-90,69384671",Search,20.06.2022 03:56:00
53228,Nicholas,Andersen,nicholasandersen@example.net,38,M,Iowa,2717 William Ferry,52001,Dubuque,United States,"42,55110128","-90,69384671",Organic,26.07.2020 07:44:00
66940,Peter,Miller,petermiller@example.org,35,M,Iowa,6403 Anne Drives Suite 584,52001,Dubuque,United States,"42,55110128","-90,69384671",Search,23.11.2019 11:58:00
5426,Alexis,Smith,alexissmith@example.org,44,F,Iowa,57139 Horton Walk,52240,Iowa City,United States,"41,63145263","-91,50193352",Search,29.07.2022 13:49:00
10089,Jill,Davis,jilldavis@example.org,35,F,Iowa,1809 Jones Haven Suite 727,52240,Iowa City,United States,"41,63145263","-91,50193352",Search,01.12.2021 02:10:00
51612,Christopher,Taylor,christophertaylor@example.com,15,M,Iowa,82887 Megan Loop,52240,Iowa City,United States,"41,63145263","-91,50193352",Search,26.07.2021 18:05:00
51675,Alicia,Matthews,aliciamatthews@example.com,21,F,Iowa,25046 Anderson Meadows,52240,Iowa City,United States,"41,63145263","-91,50193352",Search,20.10.2023 17:46:00
98002,Carolyn,Glover,carolynglover@example.org,14,F,Iowa,076 Adam Crossroad,52240,Iowa City,United States,"41,63145263","-91,50193352",Search,23.10.2022 14:53:00
74389,Stacey,Clements,staceyclements@example.net,63,F,Iowa,213 Rodriguez Pine,52246,Iowa City,United States,"41,64986027","-91,60086371",Organic,09.04.2022 18:39:00
90773,Jennifer,Shelton,jennifershelton@example.com,47,F,Iowa,8873 Schaefer Streets,52246,Iowa City,United States,"41,64986027","-91,60086371",Search,04.07.2022 05:08:00
36058,Daniel,Martinez,danielmartinez@example.net,13,M,Iowa,287 Sara Pines Suite 092,52302,Marion,United States,"42,0685013","-91,57154494",Search,30.07.2019 16:39:00
39968,Karen,Wade,karenwade@example.com,18,F,Iowa,0612 Gutierrez Unions,52302,Marion,United States,"42,0685013","-91,57154494",Search,24.10.2022 03:28:00
72117,Brittany,Payne,brittanypayne@example.com,18,F,Iowa,6598 Cindy Trail,52302,Marion,United States,"42,0685013","-91,57154494",Search,30.08.2019 17:05:00
93119,Jesse,Hill,jessehill@example.org,63,M,Iowa,72296 Francis Square Apt. 831,52302,Marion,United States,"42,0685013","-91,57154494",Facebook,04.07.2021 11:55:00
14620,Kathleen,Jones,kathleenjones@example.org,29,F,Iowa,29668 Parrish Wells Suite 868,52402,Cedar Rapids,United States,"42,02316793","-91,65887589",Search,16.10.2020 03:46:00
34377,Stephanie,Williams,stephaniewilliams@example.net,20,F,Iowa,6295 Michael Forges,52402,Cedar Rapids,United States,"42,02316793","-91,65887589",Search,21.03.2020 08:55:00
42411,Billy,Murray,billymurray@example.com,32,M,Iowa,41821 Dougherty Field Apt. 556,52402,Cedar Rapids,United States,"42,02316793","-91,65887589",Search,08.04.2021 14:44:00
45958,Amy,Morgan,amymorgan@example.org,61,F,Iowa,976 Lauren Rapids Apt. 257,52402,Cedar Rapids,United States,"42,02316793","-91,65887589",Search,21.08.2020 16:57:00
58958,Susan,King,susanking@example.org,20,F,Iowa,60171 Stephen Locks,52402,Cedar Rapids,United States,"42,02316793","-91,65887589",Search,21.07.2022 02:25:00
53386,Beth,Miller,bethmiller@example.com,48,F,Iowa,17109 Ortiz Extension Suite 074,52404,Cedar Rapids,United States,"41,92459473","-91,69758075",Search,26.07.2022 00:19:00
9999,Abigail,Reyes,abigailreyes@example.com,30,F,Iowa,132 Ethan Village,52405,Cedar Rapids,United States,"41,98572539","-91,75085249",Search,08.05.2022 10:38:00
67360,Andrew,Goodwin,andrewgoodwin@example.com,61,M,Iowa,3456 Jennifer Branch Suite 320,52405,Cedar Rapids,United States,"41,98572539","-91,75085249",Facebook,18.03.2021 05:55:00
86307,Jamie,Cain,jamiecain@example.net,12,F,Iowa,35647 Wright Circles,52405,Cedar Rapids,United States,"41,98572539","-91,75085249",Search,31.08.2023 04:56:00
25337,Adam,Ruiz,adamruiz@example.org,50,M,Iowa,65498 Kelsey Circles,52501,Ottumwa,United States,"41,043691","-92,42882185",Search,13.03.2020 14:07:00
35982,William,Khan,williamkhan@example.com,13,M,Iowa,0655 Matthew Ridge,52501,Ottumwa,United States,"41,043691","-92,42882185",Organic,18.05.2023 03:39:00
36461,Matthew,Wiley,matthewwiley@example.net,44,M,Iowa,39153 Clark Shoal Apt. 781,52501,Ottumwa,United States,"41,043691","-92,42882185",Search,23.09.2023 18:18:00
59614,Angela,Spencer,angelaspencer@example.net,44,F,Iowa,590 Heidi Forges Suite 547,52501,Ottumwa,United States,"41,043691","-92,42882185",Facebook,20.02.2023 18:51:00
77064,Thomas,Ward,thomasward@example.com,20,M,Iowa,392 Murphy Vista,52501,Ottumwa,United States,"41,043691","-92,42882185",Search,16.09.2020 12:55:00
83489,Alexis,Chambers,alexischambers@example.net,28,F,Iowa,50949 Cynthia Circle,52501,Ottumwa,United States,"41,043691","-92,42882185",Search,05.07.2023 14:41:00
7491,David,Green,davidgreen@example.org,50,M,Iowa,416 Gentry Springs,52601,Burlington,United States,"40,85364557","-91,1162663",Search,03.05.2022 15:56:00
94904,Randy,Larson,randylarson@example.org,25,M,Iowa,189 Mitchell Locks,52601,Burlington,United States,"40,85364557","-91,1162663",Search,14.11.2020 09:04:00
2424,Douglas,Mendoza,douglasmendoza@example.net,45,M,Iowa,03300 Farmer Summit Suite 557,52722,Bettendorf,United States,"41,56430189","-90,4682523",Search,18.01.2019 01:09:00
16299,Monica,Humphrey,monicahumphrey@example.com,68,F,Iowa,8962 Harrell Cape Suite 721,52722,Bettendorf,United States,"41,56430189","-90,4682523",Search,04.01.2023 06:58:00
27226,Janice,Ellis,janiceellis@example.org,32,F,Iowa,54289 Amy Cliff,52722,Bettendorf,United States,"41,56430189","-90,4682523",Facebook,31.08.2023 14:07:00
47671,Christine,Beasley,christinebeasley@example.org,26,F,Iowa,7168 Jared Squares Apt. 796,52722,Bettendorf,United States,"41,56430189","-90,4682523",Display,11.06.2021 12:56:00
13284,Aaron,Jacobs,aaronjacobs@example.org,56,M,Iowa,7650 Lopez Garden Apt. 296,52732,Clinton,United States,"41,89916445","-90,24912041",Search,07.05.2019 12:34:00
17732,Christopher,Wilson,christopherwilson@example.com,29,M,Iowa,17578 Claudia Loaf,52732,Clinton,United States,"41,89916445","-90,24912041",Search,04.07.2023 16:42:00
67749,Jeremy,Barr,jeremybarr@example.org,35,M,Iowa,325 Christina Light,52732,Clinton,United States,"41,89916445","-90,24912041",Organic,05.07.2023 15:19:00
78699,Hayley,Perez,hayleyperez@example.com,14,F,Iowa,298 Wong Island,52732,Clinton,United States,"41,89916445","-90,24912041",Organic,10.10.2022 12:27:00
23713,Kyle,Torres,kyletorres@example.net,12,M,Iowa,678 Alejandro Inlet,52761,Muscatine,United States,"41,44853376","-91,04640746",Facebook,12.07.2021 01:02:00
23853,Brian,Johnson,brianjohnson@example.org,49,M,Iowa,59467 Clark Prairie Suite 321,52804,Davenport,United States,"41,52982149","-90,67884138",Organic,18.10.2023 10:14:35
43897,William,Donovan,williamdonovan@example.com,23,M,Iowa,257 Gaines Dale,52804,Davenport,United States,"41,52982149","-90,67884138",Search,08.02.2023 07:45:00
84778,Paige,Parker,paigeparker@example.com,43,F,Iowa,5315 Evans Bridge,52804,Davenport,United States,"41,52982149","-90,67884138",Organic,07.09.2022 05:42:00
90388,Michael,Stark,michaelstark@example.net,55,M,Iowa,678 Greene River,52804,Davenport,United States,"41,52982149","-90,67884138",Organic,16.02.2020 09:32:00
1888,Jason,Fuller,jasonfuller@example.org,70,M,Iowa,48700 Bradshaw Mills,52806,Davenport,United States,"41,58861729","-90,62777966",Organic,25.10.2022 15:27:00
79269,Raymond,Green,raymondgreen@example.net,36,M,Iowa,106 Lee Coves Suite 508,52806,Davenport,United States,"41,58861729","-90,62777966",Search,28.05.2020 12:38:00
52049,Joel,Cabrera,joelcabrera@example.net,19,M,Nara,4298 Amy Courts,630-0101,Ikoma City,Japan,"34,75243762","135,7236944",Search,03.07.2023 05:42:00
52813,Amanda,Huff,amandahuff@example.net,19,F,Nara,47828 Walker Ports Suite 562,630-0101,Ikoma City,Japan,"34,75243762","135,7236944",Facebook,25.02.2019 04:15:00
57552,Leroy,Weaver,leroyweaver@example.org,33,M,Nara,93793 Winters Mountains,630-0101,Ikoma City,Japan,"34,75243762","135,7236944",Search,03.05.2020 02:50:00
79418,Christine,Wyatt,christinewyatt@example.net,62,F,Nara,17479 Jack Meadows Suite 450,639-0214,Locality,Japan,"34,56050884","135,7162373",Email,27.04.2021 15:33:00
9128,Alyssa,Campbell,alyssacampbell@example.com,53,F,Ohio,826 Brown Branch Suite 732,43015,Delaware,United States,"40,29746726","-83,06203647",Search,01.11.2020 04:29:00
11782,Todd,Cummings,toddcummings@example.org,23,M,Ohio,723 Mariah Way Suite 893,43015,Delaware,United States,"40,29746726","-83,06203647",Search,12.03.2021 04:01:00
14134,Erin,Dean,erindean@example.net,42,F,Ohio,10885 Rodriguez Forge,43015,Delaware,United States,"40,29746726","-83,06203647",Search,06.01.2019 17:13:00
18033,Brenda,Martinez,brendamartinez@example.com,29,F,Ohio,31123 Deanna Highway,43015,Delaware,United States,"40,29746726","-83,06203647",Search,21.12.2019 02:45:00
26049,Austin,Craig,austincraig@example.org,25,M,Ohio,0954 Colleen Brooks,43015,Delaware,United States,"40,29746726","-83,06203647",Search,03.08.2023 04:26:00
28601,Brittany,Smith,brittanysmith@example.org,42,F,Ohio,23141 Miller Ford Apt. 283,43015,Delaware,United States,"40,29746726","-83,06203647",Search,22.08.2019 11:07:00
44032,Joanna,Smith,joannasmith@example.org,63,F,Ohio,65401 Warren Streets Suite 481,43015,Delaware,United States,"40,29746726","-83,06203647",Search,17.07.2022 12:35:00
55291,Ian,Norton,iannorton@example.net,68,M,Ohio,12325 Smith Dale,43015,Delaware,United States,"40,29746726","-83,06203647",Search,11.08.2020 05:25:00
56395,Barbara,Smith,barbarasmith@example.org,38,F,Ohio,741 Hudson Hollow Apt. 352,43015,Delaware,United States,"40,29746726","-83,06203647",Search,18.08.2020 04:45:00
59652,Andrew,Reese,andrewreese@example.org,27,M,Ohio,805 Heather Corners Apt. 794,43015,Delaware,United States,"40,29746726","-83,06203647",Search,28.09.2022 05:44:00
62186,Megan,Mcbride,meganmcbride@example.org,26,F,Ohio,10697 Isaac Passage Suite 479,43015,Delaware,United States,"40,29746726","-83,06203647",Organic,24.05.2021 10:00:00
79893,Eric,Hernandez,erichernandez@example.org,20,M,Ohio,704 Maria Route Apt. 806,43015,Delaware,United States,"40,29746726","-83,06203647",Search,11.07.2022 02:07:00
90226,Jeffrey,Miller,jeffreymiller@example.net,15,M,Ohio,447 Melissa Hill,43015,Delaware,United States,"40,29746726","-83,06203647",Facebook,21.12.2021 05:31:00
90751,Cindy,Wade,cindywade@example.com,48,F,Ohio,34980 Myers Stream,43015,Delaware,United States,"40,29746726","-83,06203647",Facebook,25.12.2021 18:31:00
97163,David,Thomas,davidthomas@example.net,39,M,Ohio,1543 Wood Well Suite 035,43015,Delaware,United States,"40,29746726","-83,06203647",Search,16.02.2022 06:06:00
4867,Stephen,Fitzpatrick,stephenfitzpatrick@example.org,50,M,Ohio,52196 George Ridge,43017,Dublin,United States,"40,11868959","-83,13088525",Search,24.05.2022 09:40:00
31954,John,Hoffman,johnhoffman@example.com,69,M,Ohio,06304 Guerrero Glen Apt. 326,43017,Dublin,United States,"40,11868959","-83,13088525",Search,15.06.2022 17:26:00
35142,Robert,Wells,robertwells@example.net,19,M,Ohio,60322 Thompson Mountain Suite 514,43017,Dublin,United States,"40,11868959","-83,13088525",Facebook,19.10.2021 07:57:00
49238,Daniel,Jenkins,danieljenkins@example.org,28,M,Ohio,345 Daniel Mills,43017,Dublin,United States,"40,11868959","-83,13088525",Search,30.09.2019 09:24:00
64846,Sean,Allen,seanallen@example.net,27,M,Ohio,2629 Wolf Harbor,43017,Dublin,United States,"40,11868959","-83,13088525",Search,22.10.2023 14:09:11
77597,Steven,Turner,steventurner@example.com,30,M,Ohio,669 Webb Trail,43017,Dublin,United States,"40,11868959","-83,13088525",Search,24.04.2022 07:40:00
26842,Valerie,Allen,valerieallen@example.net,41,F,Ohio,41396 Jackson Street Suite 830,43026,Hilliard,United States,"40,02299131","-83,1844949",Search,05.05.2020 10:10:00
51657,Rachel,Williams,rachelwilliams@example.com,56,F,Ohio,4330 Emily Roads Apt. 027,43026,Hilliard,United States,"40,02299131","-83,1844949",Search,28.01.2022 18:49:00
74694,Abigail,Benitez,abigailbenitez@example.com,23,F,Ohio,1138 Travis Street Apt. 210,43026,Hilliard,United States,"40,02299131","-83,1844949",Display,05.02.2019 12:48:00
90292,Shannon,Sanchez,shannonsanchez@example.net,59,F,Ohio,64846 Margaret Cape,43026,Hilliard,United States,"40,02299131","-83,1844949",Display,14.10.2022 07:21:00
96503,Mary,White,marywhite@example.net,21,F,Ohio,099 Amber Manor Suite 621,43026,Hilliard,United States,"40,02299131","-83,1844949",Search,12.02.2020 14:55:00
41187,Lucas,Stephenson,lucasstephenson@example.com,33,M,Ohio,5001 White Rest Suite 587,43035,Lewis Center,United States,"40,18673438","-82,99500607",Organic,16.03.2023 01:08:00
44002,Megan,Diaz,megandiaz@example.org,66,F,Ohio,73651 Frederick Inlet,43035,Lewis Center,United States,"40,18673438","-82,99500607",Search,06.02.2019 18:42:00
58673,Kenneth,Johnson,kennethjohnson@example.net,31,M,Ohio,179 Tracey Drive Apt. 548,43035,Lewis Center,United States,"40,18673438","-82,99500607",Search,12.07.2023 14:26:00
90697,Nicholas,Smith,nicholassmith@example.org,12,M,Ohio,665 Nolan Squares,43035,Lewis Center,United States,"40,18673438","-82,99500607",Search,20.02.2022 03:15:00
4586,Dennis,Cox,denniscox@example.org,65,M,Ohio,750 Logan Lights Suite 881,43040,Marysville,United States,"40,26014963","-83,36015738",Email,07.11.2021 12:18:00
29586,Wesley,Lucas,wesleylucas@example.org,51,M,Ohio,46057 Gina Drives,43040,Marysville,United States,"40,26014963","-83,36015738",Search,22.01.2020 05:25:00
37251,Debra,Johnson,debrajohnson@example.net,21,F,Ohio,9826 Chelsey Flat,43040,Marysville,United States,"40,26014963","-83,36015738",Email,04.04.2019 12:32:00
48499,Katherine,Roy,katherineroy@example.org,65,F,Ohio,1339 Phillips Ferry,43040,Marysville,United States,"40,26014963","-83,36015738",Search,02.09.2023 15:47:00
59490,Kimberly,Jones,kimberlyjones@example.org,35,F,Ohio,6699 Lindsey Harbors Apt. 957,43040,Marysville,United States,"40,26014963","-83,36015738",Search,08.11.2020 18:36:00
60018,Terri,Hardin,terrihardin@example.org,36,F,Ohio,07904 Dawn Parkways,43040,Marysville,United States,"40,26014963","-83,36015738",Search,17.08.2019 10:11:00
2221,Ashley,Taylor,ashleytaylor@example.org,42,F,Ohio,1640 Thomas Mission Apt. 633,43050,Mount Vernon,United States,"40,37072698","-82,49733522",Search,15.02.2022 12:21:00
22995,John,Gutierrez,johngutierrez@example.com,65,M,Ohio,1405 David Motorway Apt. 984,43050,Mount Vernon,United States,"40,37072698","-82,49733522",Search,13.09.2023 18:09:00
41002,Paul,Garrett,paulgarrett@example.com,17,M,Ohio,3005 Thomas Knolls,43050,Mount Vernon,United States,"40,37072698","-82,49733522",Search,12.03.2022 09:17:00
41672,Wesley,James,wesleyjames@example.org,51,M,Ohio,297 Mcgee Plain Apt. 627,43050,Mount Vernon,United States,"40,37072698","-82,49733522",Search,20.12.2019 09:19:00
47662,Ashley,Oliver,ashleyoliver@example.net,43,F,Ohio,191 Hudson Rapids Suite 736,43050,Mount Vernon,United States,"40,37072698","-82,49733522",Search,17.03.2021 11:05:00
88803,Walter,Carpenter,waltercarpenter@example.net,66,M,Ohio,87566 Kristina Stream,43050,Mount Vernon,United States,"40,37072698","-82,49733522",Email,19.11.2022 06:50:00
16114,Peter,Jackson,peterjackson@example.com,62,M,Ohio,1337 Mary Mews Suite 037,43055,Newark,United States,"40,11731433","-82,37949893",Organic,31.01.2022 00:38:00
48279,Taylor,Padilla,taylorpadilla@example.net,58,F,Ohio,977 Jared Cliffs,43055,Newark,United States,"40,11731433","-82,37949893",Search,07.01.2023 16:55:00
52256,Patricia,Shannon,patriciashannon@example.com,36,F,Ohio,07872 William Knoll,43055,Newark,United States,"40,11731433","-82,37949893",Search,24.10.2019 06:22:00
71002,Jennifer,Williams,jenniferwilliams@example.org,12,F,Ohio,7178 Philip Pike,43055,Newark,United States,"40,11731433","-82,37949893",Display,21.11.2019 13:43:00
86569,Jason,Lopez,jasonlopez@example.net,16,M,Ohio,10966 Estrada Crescent,43055,Newark,United States,"40,11731433","-82,37949893",Search,30.09.2020 04:09:00
4900,Gregory,Faulkner,gregoryfaulkner@example.com,27,M,Ohio,60502 Cameron Isle Suite 045,43062,Pataskala,United States,"40,00700556","-82,68110137",Search,18.10.2023 14:50:01
24491,Sonya,Dickson,sonyadickson@example.net,66,F,Ohio,36053 Emily Lake Apt. 918,43062,Pataskala,United States,"40,00700556","-82,68110137",Search,09.07.2020 01:22:00
8669,Lauren,George,laurengeorge@example.org,36,F,Ohio,17558 Andrew Square,43065,Powell,United States,"40,17707591","-83,09513186",Search,18.10.2023 07:42:58
42729,Erik,Wilson,erikwilson@example.org,25,M,Ohio,0958 Freeman Mission,43065,Powell,United States,"40,17707591","-83,09513186",Facebook,05.06.2022 02:58:00
51300,Linda,Malone,lindamalone@example.net,57,F,Ohio,52227 Darrell Crescent,43065,Powell,United States,"40,17707591","-83,09513186",Search,22.04.2020 11:01:00
67584,Devin,Ross,devinross@example.com,60,M,Ohio,377 Dakota Crossroad Apt. 023,43065,Powell,United States,"40,17707591","-83,09513186",Facebook,11.04.2022 10:21:00
87243,Darrell,Gregory,darrellgregory@example.net,57,M,Ohio,57602 Scott Mission,43065,Powell,United States,"40,17707591","-83,09513186",Email,18.08.2023 04:28:00
94832,Devin,Gomez,devingomez@example.org,51,M,Ohio,24059 Melvin Vista Suite 702,43065,Powell,United States,"40,17707591","-83,09513186",Search,03.04.2023 18:13:00
8842,Lucas,Moore,lucasmoore@example.com,63,M,Ohio,505 Lee Brook,43068,Reynoldsburg,United States,"39,95608283","-82,78424875",Organic,12.10.2021 03:29:00
46322,Tina,Estrada,tinaestrada@example.net,23,F,Ohio,48977 Kenneth Mission,43068,Reynoldsburg,United States,"39,95608283","-82,78424875",Organic,04.03.2021 03:37:00
53964,William,Mills,williammills@example.com,35,M,Ohio,20942 Daniel Vista Apt. 300,43068,Reynoldsburg,United States,"39,95608283","-82,78424875",Search,25.12.2020 07:25:00
68779,Amber,Smith,ambersmith@example.com,34,F,Ohio,139 Smith Neck,43068,Reynoldsburg,United States,"39,95608283","-82,78424875",Facebook,21.05.2019 17:16:00
69667,Danielle,Mckinney,daniellemckinney@example.org,28,F,Ohio,3648 Christopher Cove Apt. 037,43068,Reynoldsburg,United States,"39,95608283","-82,78424875",Search,17.05.2022 05:35:00
21532,Theresa,Porter,theresaporter@example.org,55,F,Ohio,236 Morris Islands,43081,Westerville,United States,"40,11059562","-82,89136932",Display,22.04.2022 01:24:00
25906,Andrew,Richards,andrewrichards@example.com,53,M,Ohio,8895 James Turnpike,43081,Westerville,United States,"40,11059562","-82,89136932",Organic,16.01.2020 09:34:00
45869,Kevin,Ward,kevinward@example.net,67,M,Ohio,880 Kathleen Spurs Suite 805,43081,Westerville,United States,"40,11059562","-82,89136932",Search,14.03.2021 17:48:00
52340,David,Pope,davidpope@example.org,26,M,Ohio,1043 Laura Shoal,43081,Westerville,United States,"40,11059562","-82,89136932",Search,08.02.2020 12:40:00
67136,Jacob,Gonzales,jacobgonzales@example.net,40,M,Ohio,7634 Alan Flats,43081,Westerville,United States,"40,11059562","-82,89136932",Search,19.09.2020 18:56:00
77792,Betty,Reyes,bettyreyes@example.net,27,F,Ohio,663 Henderson Track,43081,Westerville,United States,"40,11059562","-82,89136932",Search,24.03.2020 08:45:00
94796,Christine,Howard,christinehoward@example.com,25,F,Ohio,118 Dunlap Grove,43081,Westerville,United States,"40,11059562","-82,89136932",Organic,02.04.2021 11:30:00
96553,Abigail,Roberts,abigailroberts@example.com,65,F,Ohio,8505 Johnson Fall Apt. 781,43081,Westerville,United States,"40,11059562","-82,89136932",Search,24.10.2021 05:56:00
357,Lawrence,Villa,lawrencevilla@example.org,21,M,Ohio,47495 Katherine Plaza,43082,Westerville,United States,"40,15528089","-82,88077166",Display,13.03.2021 17:14:00
38899,Joshua,Alvarez,joshuaalvarez@example.net,51,M,Ohio,80157 Allen Branch Apt. 601,43082,Westerville,United States,"40,15528089","-82,88077166",Search,10.10.2020 15:35:00
57773,Beverly,Cantu,beverlycantu@example.net,61,F,Ohio,96807 Nicole Mission,43082,Westerville,United States,"40,15528089","-82,88077166",Search,02.07.2023 15:13:00
35112,James,Jones,jamesjones@example.net,54,M,Ohio,2294 Kaitlyn Prairie Suite 184,43110,Columbus,United States,"39,82846021","-82,80131533",Search,07.08.2021 17:03:00
36259,David,Terry,davidterry@example.org,68,M,Ohio,39731 Roger Brook Apt. 842,43110,Columbus,United States,"39,82846021","-82,80131533",Search,17.03.2021 02:22:00
60466,Nancy,Davis,nancydavis@example.org,42,F,Ohio,9160 Morris Lights,43110,Columbus,United States,"39,82846021","-82,80131533",Search,14.01.2023 05:59:00
34525,Nicole,Whitney,nicolewhitney@example.org,61,F,Ohio,116 Bradshaw Cape Suite 982,43119,Columbus,United States,"39,93586372","-83,20232292",Search,12.09.2023 08:48:00
41609,Joyce,Taylor,joycetaylor@example.com,53,F,Ohio,565 Sanchez Course Apt. 629,43119,Columbus,United States,"39,93586372","-83,20232292",Search,29.07.2021 04:14:00
47396,Ann,Perez,annperez@example.org,60,F,Ohio,34485 Joe Rapid,43119,Columbus,United States,"39,93586372","-83,20232292",Search,30.09.2022 08:40:00
3518,Andrew,Ho,andrewho@example.net,27,M,Ohio,97984 Paul Forge,43123,Grove City,United States,"39,8663906","-83,12151525",Email,25.05.2020 01:49:00
3818,Brandy,Wilson,brandywilson@example.net,12,F,Ohio,2838 Brittany Brooks,43123,Grove City,United States,"39,8663906","-83,12151525",Search,23.08.2020 09:20:00
7450,Belinda,Landry,belindalandry@example.net,45,F,Ohio,2293 Ellen Walks,43123,Grove City,United States,"39,8663906","-83,12151525",Search,09.12.2022 06:37:00
33227,Andrew,Anderson,andrewanderson@example.com,16,M,Ohio,785 Wyatt Glen Apt. 906,43123,Grove City,United States,"39,8663906","-83,12151525",Search,07.05.2020 05:52:00
34145,Michael,Turner,michaelturner@example.org,25,M,Ohio,9785 Jason Springs,43123,Grove City,United States,"39,8663906","-83,12151525",Search,31.01.2021 03:26:00
65566,Larry,Aguilar,larryaguilar@example.com,36,M,Ohio,483 Diaz Mission,43123,Grove City,United States,"39,8663906","-83,12151525",Organic,28.10.2022 07:43:00
79857,Elizabeth,Valdez,elizabethvaldez@example.com,47,F,Ohio,5007 Heather Underpass Apt. 875,43123,Grove City,United States,"39,8663906","-83,12151525",Search,02.04.2021 02:25:00
94685,Traci,Holt,traciholt@example.org,57,F,Ohio,764 David Grove Suite 849,43123,Grove City,United States,"39,8663906","-83,12151525",Search,12.11.2022 13:25:00
99943,John,Rodriguez,johnrodriguez@example.net,39,M,Ohio,6567 Laura Club Suite 841,43123,Grove City,United States,"39,8663906","-83,12151525",Facebook,28.09.2019 03:14:00
9225,Katie,Castillo,katiecastillo@example.net,22,F,Ohio,2352 Turner Glens,43130,Lancaster,United States,"39,69583711","-82,61470441",Search,22.10.2022 04:18:00
13191,Victoria,Miller,victoriamiller@example.net,48,F,Ohio,7171 Brown Loop Suite 224,43130,Lancaster,United States,"39,69583711","-82,61470441",Email,22.02.2022 05:25:00
41651,Jennifer,Jackson,jenniferjackson@example.org,70,F,Ohio,93566 Alicia Overpass Suite 676,43130,Lancaster,United States,"39,69583711","-82,61470441",Email,23.02.2022 17:06:00
55012,Brian,Stevens,brianstevens@example.net,25,M,Ohio,304 Rogers Ville,43130,Lancaster,United States,"39,69583711","-82,61470441",Facebook,14.01.2022 09:10:00
64040,Nicole,Tucker,nicoletucker@example.org,48,F,Ohio,1370 Terry Estates,43130,Lancaster,United States,"39,69583711","-82,61470441",Search,22.06.2022 15:30:00
84463,Sherry,Taylor,sherrytaylor@example.net,23,F,Ohio,8631 Megan Camp,43130,Lancaster,United States,"39,69583711","-82,61470441",Email,13.01.2022 06:58:00
86244,Jillian,Grimes,jilliangrimes@example.org,55,F,Ohio,7631 Rogers Junctions Apt. 378,43130,Lancaster,United States,"39,69583711","-82,61470441",Search,11.02.2020 16:18:00
94191,Taylor,Smith,taylorsmith@example.net,24,F,Ohio,660 James Fork,43130,Lancaster,United States,"39,69583711","-82,61470441",Search,13.08.2021 08:42:00
96614,Laura,Middleton,lauramiddleton@example.net,62,F,Ohio,67411 Adam Highway Suite 053,43130,Lancaster,United States,"39,69583711","-82,61470441",Search,07.06.2019 13:52:00
15367,Tracy,Downs,tracydowns@example.org,31,M,Ohio,4874 Charles Viaduct Apt. 877,43140,London,United States,"39,87955869","-83,43217068",Search,02.06.2022 07:05:00
33285,Anthony,Carey,anthonycarey@example.org,31,M,Ohio,2872 Sonya Harbor Suite 685,43140,London,United States,"39,87955869","-83,43217068",Search,06.08.2023 05:03:00
46523,Ralph,Ramos,ralphramos@example.net,22,M,Ohio,409 Miller Lights,43140,London,United States,"39,87955869","-83,43217068",Organic,16.01.2020 18:23:00
49814,Emily,Finley,emilyfinley@example.com,70,F,Ohio,57836 Alicia Lights,43140,London,United States,"39,87955869","-83,43217068",Search,10.03.2022 02:40:00
78689,Katelyn,Lozano,katelynlozano@example.com,31,F,Ohio,32528 Blair Fall,43140,London,United States,"39,87955869","-83,43217068",Search,29.12.2019 13:56:00
34930,Chris,Harris,chrisharris@example.net,25,M,Ohio,90491 Michael Street,43147,Pickerington,United States,"39,89846469","-82,74261357",Search,11.08.2021 02:03:00
88868,Anthony,Fisher,anthonyfisher@example.com,13,M,Ohio,96449 Smith Ferry Suite 982,43147,Pickerington,United States,"39,89846469","-82,74261357",Search,29.09.2020 08:39:00
92359,Ashley,Mckee,ashleymckee@example.org,26,F,Ohio,62292 Daniel Isle Suite 618,43147,Pickerington,United States,"39,89846469","-82,74261357",Search,07.07.2019 13:49:00
85329,Denise,Miller,denisemiller@example.org,65,F,Ohio,387 Mary Radial,43201,Columbus,United States,"39,99110053","-83,00049092",Search,26.05.2021 13:49:00
11841,Amy,Wood,amywood@example.com,66,F,Ohio,316 Gregory Pines Apt. 803,43204,Columbus,United States,"39,96194173","-83,08173767",Organic,20.05.2020 17:07:00
24566,Lorraine,Deleon,lorrainedeleon@example.net,67,F,Ohio,54231 Vargas Walk,43204,Columbus,United States,"39,96194173","-83,08173767",Search,11.05.2023 09:07:00
27364,Mark,Fuentes,markfuentes@example.org,46,M,Ohio,928 Vincent Parks Apt. 577,43204,Columbus,United States,"39,96194173","-83,08173767",Search,09.09.2023 01:49:00
69797,Benjamin,Jacobson,benjaminjacobson@example.org,28,M,Ohio,87175 William Well Suite 938,43204,Columbus,United States,"39,96194173","-83,08173767",Organic,18.08.2019 01:12:00
91949,Chad,Collins,chadcollins@example.com,37,M,Ohio,117 Amy Road,43204,Columbus,United States,"39,96194173","-83,08173767",Search,29.01.2019 02:38:00
47906,Mary,Kelly,marykelly@example.com,51,F,Ohio,52515 Jessica Lake,43207,Columbus,United States,"39,89198431","-82,9695884",Search,13.02.2020 13:19:00
76867,Larry,Cox,larrycox@example.net,39,M,Ohio,43366 Wagner Pine,43207,Columbus,United States,"39,89198431","-82,9695884",Search,23.06.2021 02:43:00
10165,John,Matthews,johnmatthews@example.org,60,M,Ohio,0874 Bryant Harbors Apt. 118,43209,Columbus,United States,"39,95519138","-82,93025244",Search,11.07.2023 08:04:00
14024,Patricia,Long,patricialong@example.com,38,F,Ohio,40679 Patterson Highway Suite 563,43209,Columbus,United States,"39,95519138","-82,93025244",Search,08.03.2023 13:23:00
23130,Nicole,Jenkins,nicolejenkins@example.net,12,F,Ohio,87361 Donna Throughway Apt. 623,43209,Columbus,United States,"39,95519138","-82,93025244",Search,01.09.2020 08:03:00
46219,Peter,Medina,petermedina@example.net,48,M,Ohio,630 Jenkins Flat Apt. 022,43209,Columbus,United States,"39,95519138","-82,93025244",Search,03.05.2020 16:28:00
61175,Amy,Baker,amybaker@example.net,17,F,Ohio,27486 Ross Shores,43209,Columbus,United States,"39,95519138","-82,93025244",Search,07.10.2022 13:46:00
85397,Michelle,Blackwell,michelleblackwell@example.org,49,F,Ohio,262 Little Mountains Apt. 887,43209,Columbus,United States,"39,95519138","-82,93025244",Display,03.09.2022 09:38:00
4837,Alexis,Woods,alexiswoods@example.org,15,F,Ohio,343 Kirsten Expressway Apt. 017,43211,Columbus,United States,"40,01172565","-82,97249963",Organic,23.12.2022 04:04:00
12736,Stephanie,Wallace,stephaniewallace@example.net,55,F,Ohio,62038 Angela Forges,43211,Columbus,United States,"40,01172565","-82,97249963",Display,30.04.2021 15:17:00
68701,David,Curry,davidcurry@example.net,35,M,Ohio,25598 Patricia Light Apt. 983,43211,Columbus,United States,"40,01172565","-82,97249963",Email,13.03.2021 00:08:00
19152,Charlene,Hobbs,charlenehobbs@example.com,59,F,Ohio,88619 Brittany River,43213,Columbus,United States,"39,97071463","-82,86683396",Email,02.10.2022 13:58:00
29057,William,Davis,williamdavis@example.org,63,M,Ohio,6900 Shaw Common Apt. 420,43213,Columbus,United States,"39,97071463","-82,86683396",Search,27.10.2021 06:40:00
64120,Thomas,Martinez,thomasmartinez@example.net,46,M,Ohio,950 Williamson Trail Suite 794,43213,Columbus,United States,"39,97071463","-82,86683396",Organic,07.08.2019 12:04:00
68650,Valerie,Bailey,valeriebailey@example.net,62,F,Ohio,65179 Andrews Drive,43213,Columbus,United States,"39,97071463","-82,86683396",Search,14.10.2021 10:55:00
4679,Laura,Schultz,lauraschultz@example.org,45,F,Ohio,684 Nelson Garden,43219,Columbus,United States,"40,00732911","-82,92337565",Search,18.06.2019 17:44:00
32750,Colton,Duffy,coltonduffy@example.net,37,M,Ohio,35315 Miller Mill Suite 797,43219,Columbus,United States,"40,00732911","-82,92337565",Search,26.04.2020 00:52:00
17576,Tina,Osborne,tinaosborne@example.net,43,F,Ohio,128 Chapman Turnpike,43220,Upper Arlington,United States,"40,04779621","-83,07030886",Search,23.11.2021 00:53:00
28426,Steven,Johnson,stevenjohnson@example.org,56,M,Ohio,492 Cassidy Ridges,43220,Upper Arlington,United States,"40,04779621","-83,07030886",Search,07.02.2021 14:47:00
71491,Ebony,Stout,ebonystout@example.com,24,F,Ohio,145 Marshall Club Apt. 886,43223,Columbus,United States,"39,93110345","-83,03732877",Search,18.01.2021 16:36:00
81872,Travis,James,travisjames@example.com,13,M,Ohio,432 Michael Plain,43223,Columbus,United States,"39,93110345","-83,03732877",Search,27.10.2020 00:00:00
2508,Christopher,David,christopherdavid@example.com,44,M,Ohio,062 Paul Views Apt. 642,43224,Columbus,United States,"40,04287308","-82,96582395",Search,01.10.2022 11:21:00
9979,Shari,Mcdowell,sharimcdowell@example.org,45,F,Ohio,3876 Matthew Plains,43224,Columbus,United States,"40,04287308","-82,96582395",Search,03.05.2022 07:16:00
89645,Ashley,Diaz,ashleydiaz@example.com,20,F,Ohio,22106 Garcia Estate,43224,Columbus,United States,"40,04287308","-82,96582395",Organic,23.10.2023 15:50:00
12227,Vanessa,Hernandez,vanessahernandez@example.org,52,F,Ohio,608 Miller Forges,43228,Columbus,United States,"39,95885109","-83,12695264",Search,24.03.2023 08:18:00
20424,Rachael,Bell,rachaelbell@example.net,67,F,Ohio,80969 Hubbard Mission Suite 998,43228,Columbus,United States,"39,95885109","-83,12695264",Display,29.07.2023 04:40:00
23719,Hayden,Khan,haydenkhan@example.net,69,M,Ohio,70024 Gonzalez Streets,43228,Columbus,United States,"39,95885109","-83,12695264",Search,07.09.2019 09:53:00
27325,Katherine,Smith,katherinesmith@example.org,49,F,Ohio,28691 Ray Land Suite 088,43228,Columbus,United States,"39,95885109","-83,12695264",Search,29.12.2019 12:51:00
37799,Sarah,Alvarado,sarahalvarado@example.org,47,F,Ohio,06246 Christian Mountain,43228,Columbus,United States,"39,95885109","-83,12695264",Organic,25.03.2020 11:51:00
53972,Gina,Green,ginagreen@example.org,18,F,Ohio,2888 Shawn Fork,43228,Columbus,United States,"39,95885109","-83,12695264",Search,02.02.2020 11:14:00
65402,Joshua,Gonzales,joshuagonzales@example.org,43,M,Ohio,83821 Sean Prairie Suite 929,43228,Columbus,United States,"39,95885109","-83,12695264",Facebook,02.01.2021 06:05:00
81594,Nicole,Williams,nicolewilliams@example.org,55,F,Ohio,77445 Bryant Island,43228,Columbus,United States,"39,95885109","-83,12695264",Organic,23.05.2022 18:04:00
30971,Anne,Murray,annemurray@example.com,59,F,Ohio,377 Young Views Suite 816,43229,Columbus,United States,"40,0859433","-82,97603395",Search,21.12.2019 11:29:00
72254,Paul,Fields,paulfields@example.com,69,M,Ohio,0372 Phillips Crossing,43229,Columbus,United States,"40,0859433","-82,97603395",Search,10.04.2022 09:13:00
78861,Michelle,Jackson,michellejackson@example.net,35,F,Ohio,508 Lawrence Isle Suite 173,43229,Columbus,United States,"40,0859433","-82,97603395",Organic,20.02.2023 17:25:00
29818,Nicholas,Fritz,nicholasfritz@example.com,41,M,Ohio,889 Gill Creek Apt. 759,43230,Gahanna,United States,"40,03637726","-82,8706045",Search,06.05.2023 04:51:00
29908,Gregory,Flynn,gregoryflynn@example.net,22,M,Ohio,92121 Christopher Extension,43230,Gahanna,United States,"40,03637726","-82,8706045",Search,04.03.2020 08:16:00
32156,Michael,Clark,michaelclark@example.org,45,M,Ohio,5476 Martin Throughway Suite 703,43230,Gahanna,United States,"40,03637726","-82,8706045",Search,03.01.2020 00:32:00
68656,Andrew,Evans,andrewevans@example.org,58,M,Ohio,189 Anderson Shoals Suite 221,43230,Gahanna,United States,"40,03637726","-82,8706045",Search,07.02.2021 03:50:00
94735,Kathleen,Farrell,kathleenfarrell@example.org,67,F,Ohio,2416 Livingston Prairie Suite 887,43230,Gahanna,United States,"40,03637726","-82,8706045",Email,01.06.2019 05:45:00
13760,Shane,Rodriguez,shanerodriguez@example.org,18,M,Ohio,1521 Fernandez Forge Apt. 721,43232,Columbus,United States,"39,92156462","-82,87029457",Search,12.10.2020 14:04:00
84363,Stuart,Rose,stuartrose@example.com,46,M,Ohio,4792 Holland Street Apt. 278,43232,Columbus,United States,"39,92156462","-82,87029457",Facebook,03.11.2019 16:16:00
26496,Diane,Morris,dianemorris@example.com,37,F,Ohio,0733 Marissa Locks Apt. 430,43235,Columbus,United States,"40,10472091","-83,0512547",Search,22.04.2023 13:51:00
52885,Debbie,Santiago,debbiesantiago@example.com,39,F,Ohio,662 Emily Gardens Apt. 206,43235,Columbus,United States,"40,10472091","-83,0512547",Organic,24.02.2022 10:16:00
63038,Charles,Baker,charlesbaker@example.net,36,M,Ohio,6786 James Station Apt. 332,43235,Columbus,United States,"40,10472091","-83,0512547",Search,23.03.2022 12:26:00
71064,Erika,Wells,erikawells@example.net,51,F,Ohio,449 Kim Mews Apt. 353,43235,Columbus,United States,"40,10472091","-83,0512547",Email,20.04.2023 08:19:00
85634,Robert,Coleman,robertcoleman@example.org,37,M,Ohio,687 Young Locks,43235,Columbus,United States,"40,10472091","-83,0512547",Search,13.10.2020 05:13:00
4705,Steven,Buck,stevenbuck@example.org,28,M,Ohio,3047 Smith Fields,43302,Marion,United States,"40,59591851","-83,13431746",Display,09.05.2021 00:39:00
32739,Gerald,Middleton,geraldmiddleton@example.org,57,M,Ohio,21677 Foster Flat,43302,Marion,United States,"40,59591851","-83,13431746",Search,04.08.2023 04:50:00
40321,Nancy,Taylor,nancytaylor@example.org,55,F,Ohio,10906 Douglas Oval Apt. 158,43302,Marion,United States,"40,59591851","-83,13431746",Search,28.03.2022 02:57:00
63114,Emily,Ball,emilyball@example.com,41,F,Ohio,0746 Michael Port,43302,Marion,United States,"40,59591851","-83,13431746",Search,25.05.2019 15:08:00
71815,April,Harris,aprilharris@example.com,30,F,Ohio,9041 Alejandro Motorway Apt. 179,43302,Marion,United States,"40,59591851","-83,13431746",Search,16.08.2021 02:52:00
1701,Terry,Wilson,terrywilson@example.net,14,M,Ohio,944 Michael Drives,43402,Bowling Green,United States,"41,40622264","-83,65358687",Search,07.10.2023 13:52:00
21567,Theresa,Blankenship,theresablankenship@example.com,46,F,Ohio,7868 Emily Corners,43402,Bowling Green,United States,"41,40622264","-83,65358687",Search,03.06.2022 14:07:00
30923,Tamara,Rivas,tamararivas@example.net,33,F,Ohio,38696 Kayla Camp,43402,Bowling Green,United States,"41,40622264","-83,65358687",Search,29.07.2023 00:41:00
39282,Lindsay,Arias,lindsayarias@example.com,46,F,Ohio,18350 Johnson Plaza,43402,Bowling Green,United States,"41,40622264","-83,65358687",Search,21.01.2021 01:47:00
44874,Elizabeth,Moreno,elizabethmoreno@example.org,29,F,Ohio,1331 Stephen Spurs Apt. 104,43402,Bowling Green,United States,"41,40622264","-83,65358687",Search,01.09.2021 13:52:00
59899,Kimberly,Williams,kimberlywilliams@example.com,13,F,Ohio,01972 Torres Crest,43402,Bowling Green,United States,"41,40622264","-83,65358687",Search,03.05.2021 00:16:00
81200,Benjamin,Mclaughlin,benjaminmclaughlin@example.net,49,M,Ohio,327 Perez Common,43402,Bowling Green,United States,"41,40622264","-83,65358687",Search,07.03.2022 05:13:00
95364,Emily,Garcia,emilygarcia@example.com,35,F,Ohio,695 Strickland Vista,43402,Bowling Green,United States,"41,40622264","-83,65358687",Organic,25.09.2019 13:16:00
16902,Kathleen,Carrillo,kathleencarrillo@example.org,65,F,Ohio,13499 Jason Freeway,43420,Fremont,United States,"41,35788766","-83,11315816",Organic,18.11.2022 11:36:00
25263,Lauren,Hall,laurenhall@example.org,51,F,Ohio,998 Joseph Forge Apt. 150,43420,Fremont,United States,"41,35788766","-83,11315816",Search,22.03.2021 11:32:00
37579,Chad,Ray,chadray@example.org,56,M,Ohio,2404 Christian Shoal,43420,Fremont,United States,"41,35788766","-83,11315816",Search,31.05.2021 11:33:00
82321,Anne,Ballard,anneballard@example.org,54,F,Ohio,3447 Hayden Camp Apt. 470,43420,Fremont,United States,"41,35788766","-83,11315816",Search,28.02.2022 05:59:00
14497,Brandi,Newman,brandinewman@example.net,58,F,Ohio,9788 Scott Cove,43512,Defiance,United States,"41,30349582","-84,35676319",Facebook,16.12.2019 00:38:00
49870,Robin,Howell,robinhowell@example.org,49,F,Ohio,0177 Raven Villages,43512,Defiance,United States,"41,30349582","-84,35676319",Search,22.12.2022 11:31:00
60667,Tim,Hernandez,timhernandez@example.com,45,M,Ohio,0221 Craig Branch,43512,Defiance,United States,"41,30349582","-84,35676319",Search,29.06.2022 16:19:00
76827,Sarah,Young,sarahyoung@example.net,25,F,Ohio,5641 Scott Lake Apt. 125,43512,Defiance,United States,"41,30349582","-84,35676319",Search,18.10.2023 10:01:12
89427,Jennifer,Contreras,jennifercontreras@example.com,45,F,Ohio,910 Jon Keys Suite 877,43512,Defiance,United States,"41,30349582","-84,35676319",Search,11.11.2022 16:58:00
2955,Ashlee,Hood,ashleehood@example.com,47,F,Ohio,335 Sanchez Locks,43537,Maumee,United States,"41,57438349","-83,68529845",Facebook,08.12.2021 09:43:00
36178,Jacqueline,Raymond,jacquelineraymond@example.com,24,F,Ohio,622 Johnson Turnpike,43537,Maumee,United States,"41,57438349","-83,68529845",Display,30.08.2019 10:23:00
53587,Shawn,Hansen,shawnhansen@example.net,40,M,Ohio,435 Smith Mews Suite 984,43537,Maumee,United States,"41,57438349","-83,68529845",Organic,14.02.2020 04:16:00
7448,Jonathan,Miller,jonathanmiller@example.com,56,M,Ohio,785 Lori Keys Apt. 554,43560,Sylvania,United States,"41,70214483","-83,73656826",Search,26.01.2021 04:34:00
78557,Michael,Hodge,michaelhodge@example.com,39,M,Ohio,39935 Jose Summit Apt. 142,43560,Sylvania,United States,"41,70214483","-83,73656826",Search,18.03.2022 00:42:00
23353,Ashley,Allen,ashleyallen@example.com,50,F,Ohio,18017 Lori Courts Apt. 987,43605,Toledo,United States,"41,6487012","-83,50581236",Email,03.11.2019 11:35:00
75244,Jessica,Schneider,jessicaschneider@example.org,35,F,Ohio,407 Jacob Glens,43605,Toledo,United States,"41,6487012","-83,50581236",Email,19.10.2023 08:43:23
14480,Julia,Baker,juliabaker@example.com,54,F,Ohio,8974 Contreras Plains,43606,Toledo,United States,"41,67197026","-83,60910703",Search,16.05.2019 15:42:00
54567,Kerri,Johnson,kerrijohnson@example.org,14,F,Ohio,50946 Amy Point,43606,Toledo,United States,"41,67197026","-83,60910703",Search,04.05.2023 07:27:00
54886,Christopher,Adams,christopheradams@example.net,33,M,Ohio,99924 Jodi Shoals Suite 302,43606,Toledo,United States,"41,67197026","-83,60910703",Organic,20.10.2023 09:14:00
94005,Jessica,Adams,jessicaadams@example.com,28,F,Ohio,80983 Emily Loaf,43606,Toledo,United States,"41,67197026","-83,60910703",Organic,12.02.2022 02:18:00
20201,Eric,Martinez,ericmartinez@example.net,12,M,Ohio,2935 Troy Landing,43612,Toledo,United States,"41,71012083","-83,54697791",Organic,01.04.2019 16:38:00
28760,Brian,Gill,briangill@example.net,53,M,Ohio,649 Becky Stravenue,43612,Toledo,United States,"41,71012083","-83,54697791",Search,20.07.2023 07:40:00
41362,Taylor,Brock,taylorbrock@example.net,19,F,Ohio,52709 Washington Meadows Suite 080,43612,Toledo,United States,"41,71012083","-83,54697791",Facebook,01.08.2020 17:37:00
66259,Kyle,Owens,kyleowens@example.com,41,M,Ohio,72208 Dana Corner Suite 630,43612,Toledo,United States,"41,71012083","-83,54697791",Search,18.04.2023 00:36:00
71790,Jessica,Robles,jessicarobles@example.net,29,F,Ohio,94446 Wilson Field,43612,Toledo,United States,"41,71012083","-83,54697791",Search,28.08.2022 00:09:00
78101,Christopher,Hendrix,christopherhendrix@example.com,43,M,Ohio,067 Mason Overpass,43612,Toledo,United States,"41,71012083","-83,54697791",Search,25.10.2019 05:36:00
96770,Jessica,Cooper,jessicacooper@example.net,15,F,Ohio,9730 Daniel Turnpike,43612,Toledo,United States,"41,71012083","-83,54697791",Search,26.04.2022 18:59:00
19130,Angela,Olson,angelaolson@example.net,32,F,Ohio,16358 Dawson Village Suite 787,43613,Toledo,United States,"41,70695657","-83,60209079",Search,07.09.2023 04:49:00
27177,Jeanette,Cohen,jeanettecohen@example.com,12,F,Ohio,98855 David Hollow Apt. 438,43613,Toledo,United States,"41,70695657","-83,60209079",Search,29.10.2019 13:45:00
93073,Teresa,Clark,teresaclark@example.org,32,F,Ohio,3102 Brandon Ranch,43614,Toledo,United States,"41,60340797","-83,6285963",Search,14.06.2019 11:06:00
34938,Veronica,Roberts,veronicaroberts@example.net,42,F,Ohio,52573 Jay Summit,43615,Toledo,United States,"41,65093381","-83,67327447",Search,22.10.2023 07:08:11
45884,Larry,Sullivan,larrysullivan@example.com,41,M,Ohio,104 Howell Glens Suite 061,43615,Toledo,United States,"41,65093381","-83,67327447",Search,10.01.2023 00:09:00
46317,Adam,Valentine,adamvalentine@example.org,66,M,Ohio,83833 Lewis Highway,43615,Toledo,United States,"41,65093381","-83,67327447",Facebook,26.03.2023 17:41:00
56955,Maria,Rodriguez,mariarodriguez@example.org,45,F,Ohio,7951 Jessica Drive,43615,Toledo,United States,"41,65093381","-83,67327447",Search,05.09.2023 15:42:00
85380,Matthew,Jackson,matthewjackson@example.com,58,M,Ohio,40498 James Inlet Suite 096,43615,Toledo,United States,"41,65093381","-83,67327447",Search,24.04.2022 08:12:00
835,Emma,Chase,emmachase@example.com,54,F,Ohio,2675 Mayo Cape Suite 727,43701,Zanesville,United States,"39,95857827","-81,9956078",Organic,03.07.2022 14:09:00
2035,Elizabeth,Edwards,elizabethedwards@example.com,35,F,Ohio,2303 Gregory Lake Apt. 307,43701,Zanesville,United States,"39,95857827","-81,9956078",Search,12.09.2020 04:26:00
14144,Sarah,Dorsey,sarahdorsey@example.org,35,F,Ohio,3078 Corey Manors,43701,Zanesville,United States,"39,95857827","-81,9956078",Search,07.10.2021 18:08:00
25283,John,Coffey,johncoffey@example.net,20,M,Ohio,9264 Donald Highway Apt. 504,43701,Zanesville,United States,"39,95857827","-81,9956078",Search,02.01.2022 00:13:00
39587,Jonathan,Smith,jonathansmith@example.com,14,M,Ohio,6154 Daniel Plaza,43701,Zanesville,United States,"39,95857827","-81,9956078",Search,14.01.2019 14:40:00
51561,Thomas,Casey,thomascasey@example.net,40,M,Ohio,829 Samuel Causeway Suite 062,43701,Zanesville,United States,"39,95857827","-81,9956078",Organic,08.02.2021 12:38:00
78934,Heather,Rowe,heatherrowe@example.org,61,F,Ohio,7424 Miller Flats Suite 037,43701,Zanesville,United States,"39,95857827","-81,9956078",Display,07.01.2022 17:44:00
97424,Michael,Hill,michaelhill@example.com,61,M,Ohio,311 Keith Unions Suite 010,43701,Zanesville,United States,"39,95857827","-81,9956078",Search,25.09.2023 10:50:00
57082,Charles,Wells,charleswells@example.com,34,M,Ohio,6478 Pamela Ramp Apt. 136,44004,Ashtabula,United States,"41,85582391","-80,7911247",Organic,25.07.2019 15:58:00
72603,Alicia,Oconnor,aliciaoconnor@example.net,31,F,Ohio,28502 Mitchell Mountain,44004,Ashtabula,United States,"41,85582391","-80,7911247",Search,27.10.2021 14:05:00
12591,Ashley,Stewart,ashleystewart@example.org,37,F,Ohio,867 Andrea Ways,44035,Elyria,United States,"41,3628064","-82,13174118",Organic,24.06.2021 10:54:00
12602,Kelly,Johnson,kellyjohnson@example.org,12,F,Ohio,4201 Stephanie Summit,44035,Elyria,United States,"41,3628064","-82,13174118",Email,24.08.2022 08:03:00
17000,Alex,Johnson,alexjohnson@example.net,54,M,Ohio,75923 Heather Road Suite 271,44035,Elyria,United States,"41,3628064","-82,13174118",Search,11.07.2023 04:08:00
28128,Jennifer,Sims,jennifersims@example.com,55,F,Ohio,3276 Price Ports Suite 175,44035,Elyria,United States,"41,3628064","-82,13174118",Search,05.10.2019 14:51:00
39946,Michael,Washington,michaelwashington@example.net,22,M,Ohio,650 Angela Grove,44035,Elyria,United States,"41,3628064","-82,13174118",Search,20.02.2019 01:25:00
42303,Christopher,Armstrong,christopherarmstrong@example.com,59,M,Ohio,5729 Ortiz Roads Suite 325,44035,Elyria,United States,"41,3628064","-82,13174118",Organic,13.10.2020 11:09:00
44746,Brianna,Brown,briannabrown@example.org,52,F,Ohio,242 Victor Parkway,44035,Elyria,United States,"41,3628064","-82,13174118",Search,18.07.2019 09:41:00
61952,Carrie,Madden,carriemadden@example.net,17,F,Ohio,3612 Cindy Knolls,44035,Elyria,United States,"41,3628064","-82,13174118",Search,27.11.2021 18:29:00
69125,Joel,Jones,joeljones@example.net,13,M,Ohio,19463 Jason Cape Apt. 252,44035,Elyria,United States,"41,3628064","-82,13174118",Search,13.06.2020 05:33:00
86962,Christine,Franklin,christinefranklin@example.org,59,F,Ohio,9657 Johnathan Branch Apt. 082,44035,Elyria,United States,"41,3628064","-82,13174118",Search,17.07.2023 05:37:00
89675,Donna,Burch,donnaburch@example.org,42,F,Ohio,273 Forbes Bypass Apt. 892,44035,Elyria,United States,"41,3628064","-82,13174118",Search,15.12.2019 17:45:00
97154,Jeffery,Orr,jefferyorr@example.com,46,M,Ohio,306 Lance Street Suite 328,44035,Elyria,United States,"41,3628064","-82,13174118",Organic,14.06.2023 05:20:00
5771,Laura,Guzman,lauraguzman@example.net,48,F,Ohio,483 Chavez Stream,44039,North Ridgeville,United States,"41,38446974","-82,01922231",Email,09.03.2023 13:02:00
24710,Brenda,Cherry,brendacherry@example.org,36,F,Ohio,756 Stevenson Drive,44039,North Ridgeville,United States,"41,38446974","-82,01922231",Search,20.06.2019 18:09:00
71761,Kevin,Jackson,kevinjackson@example.org,63,M,Ohio,1306 Dillon Flats Apt. 704,44039,North Ridgeville,United States,"41,38446974","-82,01922231",Search,16.01.2023 17:13:00
6348,Amber,Hayes,amberhayes@example.com,58,F,Ohio,574 Martin Rapid,44052,Lorain,United States,"41,45698486","-82,16269484",Search,18.10.2019 08:48:00
7131,Michelle,Sanchez,michellesanchez@example.org,64,F,Ohio,295 Kathleen Ramp Suite 081,44052,Lorain,United States,"41,45698486","-82,16269484",Search,31.01.2019 16:05:00
17888,Ryan,Suarez,ryansuarez@example.net,13,M,Ohio,206 Delacruz Viaduct,44052,Lorain,United States,"41,45698486","-82,16269484",Organic,29.09.2019 17:57:00
47984,Scott,Mercer,scottmercer@example.org,26,M,Ohio,16591 David Forge,44052,Lorain,United States,"41,45698486","-82,16269484",Organic,22.08.2019 18:13:00
70733,Kimberly,Spencer,kimberlyspencer@example.com,61,F,Ohio,86349 Joann Radial Apt. 501,44052,Lorain,United States,"41,45698486","-82,16269484",Organic,20.02.2021 10:35:00
77749,Chelsea,Erickson,chelseaerickson@example.org,57,F,Ohio,487 Laura Mountain Suite 338,44052,Lorain,United States,"41,45698486","-82,16269484",Search,19.04.2020 18:11:00
5979,Margaret,Johnson,margaretjohnson@example.org,17,F,Ohio,96235 Justin Tunnel,44060,Mentor,United States,"41,67863078","-81,32790887",Search,16.12.2021 02:18:00
17172,Jennifer,Hinton,jenniferhinton@example.net,28,F,Ohio,157 Green Inlet Apt. 429,44060,Mentor,United States,"41,67863078","-81,32790887",Display,02.05.2020 07:36:00
21552,Jennifer,Romero,jenniferromero@example.com,53,F,Ohio,937 Young Station,44060,Mentor,United States,"41,67863078","-81,32790887",Organic,14.09.2020 15:55:00
27974,Tricia,Hernandez,triciahernandez@example.net,37,F,Ohio,7455 Gregory Run,44060,Mentor,United States,"41,67863078","-81,32790887",Email,16.11.2019 08:02:00
49489,Nancy,White,nancywhite@example.org,15,F,Ohio,654 Dominique Mission,44060,Mentor,United States,"41,67863078","-81,32790887",Search,09.02.2020 00:12:00
60325,Sarah,Walter,sarahwalter@example.org,54,F,Ohio,6525 Scott Vista Apt. 220,44060,Mentor,United States,"41,67863078","-81,32790887",Search,06.12.2019 17:30:00
62615,Jessica,Jordan,jessicajordan@example.org,53,F,Ohio,5912 Angela Cliff,44060,Mentor,United States,"41,67863078","-81,32790887",Search,27.11.2020 07:31:00
71368,Melissa,Mahoney,melissamahoney@example.net,46,F,Ohio,578 David Garden Suite 915,44060,Mentor,United States,"41,67863078","-81,32790887",Search,25.10.2020 01:06:00
78323,Wanda,Mcmahon,wandamcmahon@example.org,21,F,Ohio,2833 Wu Haven Apt. 469,44060,Mentor,United States,"41,67863078","-81,32790887",Search,01.02.2019 01:25:00
93037,Sarah,Jones,sarahjones@example.org,25,F,Ohio,2451 Rebecca Inlet Apt. 499,44060,Mentor,United States,"41,67863078","-81,32790887",Search,07.08.2020 01:47:00
29603,Latoya,Moore,latoyamoore@example.com,27,F,Ohio,8748 Renee Lights,44070,North Olmsted,United States,"41,41511467","-81,91942036",Search,12.06.2021 03:19:00
1411,Jeffrey,Vargas,jeffreyvargas@example.org,66,M,Ohio,25078 Misty Springs,44077,Painesville,United States,"41,70233776","-81,20991803",Search,22.08.2019 03:05:00
1414,Luis,Mejia,luismejia@example.com,68,M,Ohio,518 Michael Street Apt. 330,44077,Painesville,United States,"41,70233776","-81,20991803",Facebook,28.01.2019 03:29:00
17842,Richard,Oconnor,richardoconnor@example.com,66,M,Ohio,800 Odonnell Divide Apt. 762,44077,Painesville,United States,"41,70233776","-81,20991803",Search,21.09.2021 12:35:00
21562,Barry,Thomas,barrythomas@example.org,41,M,Ohio,670 Jasmine Ridge,44077,Painesville,United States,"41,70233776","-81,20991803",Search,28.03.2019 17:24:00
30655,Charles,Wells,charleswells@example.com,52,M,Ohio,76658 Richmond Field,44077,Painesville,United States,"41,70233776","-81,20991803",Search,28.06.2020 09:42:00
37517,Blake,Meyer,blakemeyer@example.com,28,M,Ohio,8966 Jessica Trafficway Apt. 922,44077,Painesville,United States,"41,70233776","-81,20991803",Search,09.06.2021 14:15:00
48102,Daniel,Thompson,danielthompson@example.com,30,M,Ohio,5558 Cooper Canyon Apt. 524,44077,Painesville,United States,"41,70233776","-81,20991803",Search,21.05.2021 15:30:00
68252,Jose,Jones,josejones@example.org,68,M,Ohio,172 Walker Knoll Suite 657,44077,Painesville,United States,"41,70233776","-81,20991803",Display,03.10.2023 14:28:00
11279,Angie,Roy,angieroy@example.org,61,F,Ohio,67818 Mcdonald Station,44094,Kirtland,United States,"41,60971942","-81,38002748",Search,23.09.2021 12:54:00
38612,Rebecca,Lin,rebeccalin@example.net,50,F,Ohio,356 Spencer Camp Apt. 601,44094,Kirtland,United States,"41,60971942","-81,38002748",Search,20.06.2023 10:03:00
27167,Alex,Williams,alexwilliams@example.net,61,M,Ohio,227 Kelly Fords,44095,Eastlake,United States,"41,65229237","-81,44228313",Search,06.02.2020 14:38:00
33959,Anna,Bell,annabell@example.net,26,F,Ohio,83542 Gomez Harbors Apt. 717,44095,Eastlake,United States,"41,65229237","-81,44228313",Facebook,02.05.2023 01:20:00
67524,Heather,Suarez,heathersuarez@example.org,68,F,Ohio,1138 Nathan Mountain,44095,Eastlake,United States,"41,65229237","-81,44228313",Search,16.02.2020 09:40:00
80767,Brianna,Bean,briannabean@example.net,23,F,Ohio,142 Kelly Crest Suite 733,44095,Eastlake,United States,"41,65229237","-81,44228313",Email,22.06.2023 07:13:00
82452,Eugene,Dunn,eugenedunn@example.com,62,M,Ohio,1128 Jones Turnpike,44095,Eastlake,United States,"41,65229237","-81,44228313",Search,10.01.2019 02:50:00
59417,Tiffany,Thomas,tiffanythomas@example.net,20,F,Ohio,67734 Thompson Path Suite 964,44102,Cleveland,United States,"41,47916318","-81,73833515",Search,10.09.2021 15:28:00
79267,Steven,Braun,stevenbraun@example.net,70,M,Ohio,6071 Ware Brooks Suite 044,44102,Cleveland,United States,"41,47916318","-81,73833515",Search,20.06.2019 01:13:00
80671,Maurice,Logan,mauricelogan@example.com,33,M,Ohio,6709 Mark Gardens,44102,Cleveland,United States,"41,47916318","-81,73833515",Search,11.06.2019 13:04:00
82678,John,Colon,johncolon@example.org,23,M,Ohio,654 Perez Port,44102,Cleveland,United States,"41,47916318","-81,73833515",Search,26.08.2023 14:52:00
13079,Connor,Garza,connorgarza@example.org,66,M,Ohio,3527 Brandon Parks,44105,Cleveland,United States,"41,4504502","-81,634853",Facebook,31.05.2023 05:33:00
23173,Elizabeth,Brown,elizabethbrown@example.org,30,F,Ohio,368 Moore Court,44105,Cleveland,United States,"41,4504502","-81,634853",Organic,27.12.2020 11:37:00
28399,Peter,Walsh,peterwalsh@example.org,61,M,Ohio,84203 Cindy Brook,44105,Cleveland,United States,"41,4504502","-81,634853",Search,22.10.2023 02:17:53
40347,Melissa,Lang,melissalang@example.net,59,F,Ohio,462 Bradley Trail Suite 397,44105,Cleveland,United States,"41,4504502","-81,634853",Search,03.05.2022 17:46:00
61550,Danielle,Little,daniellelittle@example.com,19,F,Ohio,9974 Baker Way Suite 013,44105,Cleveland,United States,"41,4504502","-81,634853",Search,29.01.2023 12:22:00
67129,Richard,Anderson,richardanderson@example.org,27,M,Ohio,52779 Murray Park,44105,Cleveland,United States,"41,4504502","-81,634853",Organic,27.07.2020 16:17:00
81109,Mary,Jones,maryjones@example.com,40,F,Ohio,5669 Kevin Trail,44105,Cleveland,United States,"41,4504502","-81,634853",Search,27.08.2021 01:38:00
83803,William,Page,williampage@example.com,68,M,Ohio,914 Kimberly Trail,44105,Cleveland,United States,"41,4504502","-81,634853",Email,07.01.2023 12:27:00
3892,Sherry,Gaines,sherrygaines@example.com,63,F,Ohio,2565 Anthony Ferry,44107,Lakewood,United States,"41,48487204","-81,80113328",Search,21.10.2023 10:08:29
51648,Brandon,Gomez,brandongomez@example.net,17,M,Ohio,781 Mitchell Prairie,44107,Lakewood,United States,"41,48487204","-81,80113328",Search,04.09.2023 03:30:00
68247,Daniel,Reed,danielreed@example.com,31,M,Ohio,696 Green Junctions Suite 903,44107,Lakewood,United States,"41,48487204","-81,80113328",Search,09.06.2023 09:07:00
91082,Taylor,Wood,taylorwood@example.org,28,M,Ohio,957 White Harbor,44107,Lakewood,United States,"41,48487204","-81,80113328",Search,28.05.2023 05:20:00
99511,Clifford,Collins,cliffordcollins@example.net,49,M,Ohio,944 Anderson Groves,44107,Lakewood,United States,"41,48487204","-81,80113328",Organic,20.09.2019 09:11:00
4647,Paul,Lester,paullester@example.com,31,M,Ohio,88555 Perez Views,44109,Cleveland,United States,"41,44492153","-81,69762344",Organic,12.10.2020 12:18:00
50305,Aaron,Ruiz,aaronruiz@example.net,20,M,Ohio,0807 Burgess Camp,44109,Cleveland,United States,"41,44492153","-81,69762344",Search,13.01.2019 16:19:00
7672,Frank,Silva,franksilva@example.org,55,M,Ohio,039 John Valley,44111,Cleveland,United States,"41,45770163","-81,78813392",Search,27.03.2020 10:51:00
13423,Justin,Smith,justinsmith@example.org,57,M,Ohio,57328 Mccullough Coves,44111,Cleveland,United States,"41,45770163","-81,78813392",Organic,11.10.2022 15:41:00
35427,Alex,Ross,alexross@example.com,34,M,Ohio,50962 Campos Fork,44111,Cleveland,United States,"41,45770163","-81,78813392",Organic,02.10.2023 15:16:00
67345,Sabrina,Sexton,sabrinasexton@example.org,49,F,Ohio,05988 Moore Landing Suite 636,44111,Cleveland,United States,"41,45770163","-81,78813392",Search,06.07.2023 11:27:00
80017,Sydney,Brooks,sydneybrooks@example.org,38,F,Ohio,84443 Brian Parkways,44111,Cleveland,United States,"41,45770163","-81,78813392",Search,29.05.2023 09:43:00
7330,Robin,Willis,robinwillis@example.net,40,F,Ohio,379 Martinez Union Apt. 758,44118,Cleveland Heights,United States,"41,50199323","-81,55629612",Search,22.08.2020 01:16:00
14455,Travis,Parker,travisparker@example.net,13,M,Ohio,19045 Garcia Harbors,44118,Cleveland Heights,United States,"41,50199323","-81,55629612",Search,02.02.2022 10:18:00
26119,Timothy,Shaw,timothyshaw@example.net,47,M,Ohio,401 Kenneth Forest,44118,Cleveland Heights,United States,"41,50199323","-81,55629612",Organic,05.07.2022 07:18:00
30507,Tina,Hopkins,tinahopkins@example.com,42,F,Ohio,687 Schmidt Ford Apt. 011,44118,Cleveland Heights,United States,"41,50199323","-81,55629612",Search,03.06.2021 10:55:00
44025,Brittany,White,brittanywhite@example.org,35,F,Ohio,63543 Stewart Circles Suite 148,44118,Cleveland Heights,United States,"41,50199323","-81,55629612",Search,26.12.2022 08:36:00
52001,Karen,Flores,karenflores@example.com,29,F,Ohio,5775 Jonathan Common Apt. 999,44118,Cleveland Heights,United States,"41,50199323","-81,55629612",Search,08.11.2020 10:58:00
74375,Philip,Martinez,philipmartinez@example.org,21,M,Ohio,67651 Kevin Meadows,44118,Cleveland Heights,United States,"41,50199323","-81,55629612",Organic,28.03.2019 17:41:00
88884,Cheryl,Cook,cherylcook@example.org,21,F,Ohio,9439 David Forges,44118,Cleveland Heights,United States,"41,50199323","-81,55629612",Search,13.11.2022 04:14:00
95970,Mckenzie,Gilbert,mckenziegilbert@example.org,57,F,Ohio,411 Howard Knoll,44118,Cleveland Heights,United States,"41,50199323","-81,55629612",Search,06.09.2023 11:35:00
18329,Jessica,Herman,jessicaherman@example.org,63,F,Ohio,195 Thomas Trafficway,44120,Shaker Heights,United States,"41,47352101","-81,57918649",Search,21.09.2019 05:48:00
38957,Antonio,Taylor,antoniotaylor@example.com,64,M,Ohio,28114 Raymond Pike,44120,Shaker Heights,United States,"41,47352101","-81,57918649",Search,06.08.2023 02:23:00
66093,Jennifer,King,jenniferking@example.net,31,F,Ohio,723 Davis Harbors Suite 198,44120,Shaker Heights,United States,"41,47352101","-81,57918649",Search,19.08.2020 17:33:00
4202,Jennifer,Mckenzie,jennifermckenzie@example.com,49,F,Ohio,6005 Moore Port Suite 038,44121,South Euclid,United States,"41,52657089","-81,53215525",Display,05.08.2019 00:08:00
67989,Teresa,Whitaker,teresawhitaker@example.net,45,F,Ohio,9356 Contreras Shores Apt. 516,44121,South Euclid,United States,"41,52657089","-81,53215525",Search,26.10.2019 17:39:00
12099,David,Blankenship,davidblankenship@example.net,49,M,Ohio,94828 Moore Mill,44122,Beachwood,United States,"41,46763134","-81,51260307",Search,04.06.2022 15:35:00
24889,Kevin,Peterson,kevinpeterson@example.net,32,M,Ohio,32896 Anderson Plains Suite 180,44122,Beachwood,United States,"41,46763134","-81,51260307",Display,30.11.2021 18:14:00
18461,Jill,Owen,jillowen@example.org,27,F,Ohio,464 Peter Viaduct Suite 787,44124,Pepper Pike,United States,"41,50012273","-81,46860891",Organic,24.07.2022 13:59:00
24445,Curtis,Alexander,curtisalexander@example.net,29,M,Ohio,6337 Amanda Pike Apt. 947,44124,Pepper Pike,United States,"41,50012273","-81,46860891",Search,30.03.2023 04:22:00
26342,Adam,Long,adamlong@example.net,53,M,Ohio,949 Laura Curve Suite 092,44124,Pepper Pike,United States,"41,50012273","-81,46860891",Search,20.02.2023 04:53:00
14844,Laura,Vega,lauravega@example.org,25,F,Ohio,386 Kelly Square Apt. 084,44125,Garfield Heights,United States,"41,40604692","-81,61186601",Display,19.07.2023 16:29:00
25539,Thomas,Wong,thomaswong@example.net,70,M,Ohio,953 Lopez Harbor,44125,Garfield Heights,United States,"41,40604692","-81,61186601",Search,12.05.2020 02:52:00
27224,Stephanie,Fisher,stephaniefisher@example.org,68,F,Ohio,669 Mark Ports Apt. 245,44125,Garfield Heights,United States,"41,40604692","-81,61186601",Search,14.10.2023 04:49:00
53602,Julie,Harris,julieharris@example.com,16,F,Ohio,2882 Kim Mills,44125,Garfield Heights,United States,"41,40604692","-81,61186601",Search,17.04.2023 01:03:00
62546,Amanda,Marshall,amandamarshall@example.org,21,F,Ohio,399 Patricia Islands Apt. 393,44125,Garfield Heights,United States,"41,40604692","-81,61186601",Search,17.07.2023 11:11:00
7533,Mary,Salazar,marysalazar@example.org,51,F,Ohio,399 Pollard Mountains,44128,Warrensville Heights,United States,"41,43726474","-81,53713498",Search,17.08.2021 09:43:00
16909,Ashley,Reynolds,ashleyreynolds@example.org,13,F,Ohio,2214 Alisha Street,44128,Warrensville Heights,United States,"41,43726474","-81,53713498",Search,19.01.2021 18:27:00
23405,Barbara,Taylor,barbarataylor@example.com,60,F,Ohio,1616 Bailey Landing,44128,Warrensville Heights,United States,"41,43726474","-81,53713498",Display,06.09.2020 13:34:00
79490,Eric,Perkins,ericperkins@example.com,57,M,Ohio,08586 Stacy Rapid,44128,Warrensville Heights,United States,"41,43726474","-81,53713498",Search,15.10.2023 11:01:00
75036,Amy,Lee,amylee@example.org,70,F,Ohio,645 Cunningham Spur,44129,Parma,United States,"41,39074364","-81,73464045",Facebook,08.04.2022 06:00:00
81039,Joanne,Walker,joannewalker@example.org,46,F,Ohio,91196 King Shore Apt. 726,44129,Parma,United States,"41,39074364","-81,73464045",Search,30.09.2023 14:11:00
94524,Michael,Newton,michaelnewton@example.net,55,M,Ohio,8688 Garcia Mountain,44129,Parma,United States,"41,39074364","-81,73464045",Search,26.07.2020 16:36:00
22422,Luis,Gutierrez,luisgutierrez@example.net,56,M,Ohio,0869 Alexander Roads Apt. 618,44130,Middleburg Heights,United States,"41,37755448","-81,78702432",Organic,25.07.2022 11:23:00
27378,Kelly,Meyer,kellymeyer@example.org,32,F,Ohio,48643 Richard Unions,44130,Middleburg Heights,United States,"41,37755448","-81,78702432",Search,20.07.2019 12:02:00
91962,Alejandro,Hall,alejandrohall@example.org,33,M,Ohio,99337 Anderson Prairie,44130,Middleburg Heights,United States,"41,37755448","-81,78702432",Search,22.10.2023 05:04:00
20336,Karen,Morrison,karenmorrison@example.com,56,F,Ohio,9727 Justin Court Apt. 255,44133,North Royalton,United States,"41,31388849","-81,74512734",Organic,02.06.2021 07:14:00
51350,Scott,Perry,scottperry@example.org,48,M,Ohio,893 Lauren Keys,44133,North Royalton,United States,"41,31388849","-81,74512734",Organic,06.08.2019 14:22:00